flybase_gene_id	go_id	ensembl_transcript_id	external_gene_name	flybase_annotation_id	chromosome_name	lifespan_gene
FBgn0034366	GO:0008340	FBtr0086711	Atg7	CG5489	2R	PASS
FBgn0034366	GO:0008340	FBtr0086712	Atg7	CG5489	2R	PASS
FBgn0000546	GO:0008340	FBtr0302439	EcR	CG1765	2R	PASS
FBgn0000546	GO:0008340	FBtr0086011	EcR	CG1765	2R	PASS
FBgn0029856	GO:0008340	FBtr0333520	CG11700	NA	X	PASS
FBgn0027779	GO:0008340	FBtr0335143	VhaSFD	CG17332	2L	PASS
FBgn0027779	GO:0008340	FBtr0080940	VhaSFD	CG17332	2L	PASS
FBgn0037802	GO:0008340	FBtr0305358	Sirt6	CG6284	3R	PASS
FBgn0005198	GO:0008340	FBtr0332690	gig	CG6975	3L	PASS
FBgn0005198	GO:0008340	FBtr0074819	gig	CG6975	3L	PASS
FBgn0012051	GO:0008340	FBtr0086529	CalpA	CG7563	2R	PASS
FBgn0012051	GO:0008340	FBtr0112869	CalpA	CG7563	2R	PASS
FBgn0027492	GO:0008340	FBtr0085208	wdb	CG5643	3R	PASS
FBgn0027492	GO:0008340	FBtr0085207	wdb	CG5643	3R	PASS
FBgn0027492	GO:0008340	FBtr0085203	wdb	CG5643	3R	PASS
FBgn0027492	GO:0008340	FBtr0085204	wdb	CG5643	3R	PASS
FBgn0027492	GO:0008340	FBtr0085209	wdb	CG5643	3R	PASS
FBgn0027492	GO:0008340	FBtr0085205	wdb	CG5643	3R	PASS
FBgn0015269	GO:0008340	FBtr0100113	Nf1	CG8318	3R	PASS
FBgn0015269	GO:0008340	FBtr0084953	Nf1	CG8318	3R	PASS
FBgn0015269	GO:0008340	FBtr0330183	Nf1	CG8318	3R	PASS
FBgn0015269	GO:0008340	FBtr0330182	Nf1	CG8318	3R	PASS
FBgn0015269	GO:0008340	FBtr0084952	Nf1	CG8318	3R	PASS
FBgn0003210	GO:0008340	FBtr0070702	rb	CG11427	X	PASS
FBgn0003210	GO:0008340	FBtr0343568	rb	CG11427	X	PASS
FBgn0003210	GO:0008340	FBtr0332290	rb	CG11427	X	PASS
FBgn0262866	GO:0008340	FBtr0333715	S6kII	CG17596	X	PASS
FBgn0262866	GO:0008340	FBtr0077360	S6kII	CG17596	X	PASS
FBgn0000565	GO:0008340	FBtr0075553	MsrA	CG7266	3L	PASS
FBgn0036816	GO:0008340	FBtr0075081	Indy	CG3979	3L	PASS
FBgn0036046	GO:0008340	FBtr0076329	Ilp2	CG8167	3L	PASS
FBgn0002719	GO:0008340	FBtr0082660	Men	CG10120	3R	PASS
FBgn0002719	GO:0008340	FBtr0330025	Men	CG10120	3R	PASS
FBgn0002719	GO:0008340	FBtr0082661	Men	CG10120	3R	PASS
FBgn0011300	GO:0008340	FBtr0088659	babo	CG8224	2R	PASS
FBgn0011300	GO:0008340	FBtr0300599	babo	CG8224	2R	PASS
FBgn0011300	GO:0008340	FBtr0088658	babo	CG8224	2R	PASS
FBgn0010303	GO:0008340	FBtr0073747	hep	CG4353	X	PASS
FBgn0003435	GO:0008340	FBtr0308795	sm	CG9218	2R	PASS
FBgn0003435	GO:0008340	FBtr0308786	sm	CG9218	2R	PASS
FBgn0003435	GO:0008340	FBtr0308796	sm	CG9218	2R	PASS
FBgn0003435	GO:0008340	FBtr0332857	sm	CG9218	2R	PASS
FBgn0003435	GO:0008340	FBtr0301609	sm	CG9218	2R	PASS
FBgn0003435	GO:0008340	FBtr0304653	sm	CG9218	2R	PASS
FBgn0003435	GO:0008340	FBtr0308793	sm	CG9218	2R	PASS
FBgn0003435	GO:0008340	FBtr0086495	sm	CG9218	2R	PASS
FBgn0003435	GO:0008340	FBtr0301610	sm	CG9218	2R	PASS
FBgn0003435	GO:0008340	FBtr0308797	sm	CG9218	2R	PASS
FBgn0003435	GO:0008340	FBtr0310331	sm	CG9218	2R	PASS
FBgn0003435	GO:0008340	FBtr0086492	sm	CG9218	2R	PASS
FBgn0003435	GO:0008340	FBtr0308785	sm	CG9218	2R	PASS
FBgn0003435	GO:0008340	FBtr0304654	sm	CG9218	2R	PASS
FBgn0003435	GO:0008340	FBtr0100232	sm	CG9218	2R	PASS
FBgn0003435	GO:0008340	FBtr0110898	sm	CG9218	2R	PASS
FBgn0003435	GO:0008340	FBtr0308790	sm	CG9218	2R	PASS
FBgn0003435	GO:0008340	FBtr0308791	sm	CG9218	2R	PASS
FBgn0003435	GO:0008340	FBtr0304656	sm	CG9218	2R	PASS
FBgn0003435	GO:0008340	FBtr0304655	sm	CG9218	2R	PASS
FBgn0003435	GO:0008340	FBtr0308792	sm	CG9218	2R	PASS
FBgn0001247	GO:0008340	FBtr0273273	Ide	CG5517	3L	PASS
FBgn0038197	GO:0008340	FBtr0082887	foxo	CG3143	3R	PASS
FBgn0038197	GO:0008340	FBtr0082886	foxo	CG3143	3R	PASS
FBgn0020238	GO:0008340	FBtr0083565	14-3-3epsilon	CG31196	3R	PASS
FBgn0032699	GO:0008340	FBtr0343117	CG10383	NA	2L	PASS
FBgn0032699	GO:0008340	FBtr0089628	CG10383	NA	2L	PASS
FBgn0034219	GO:0008340	FBtr0086957	mthl4	CG6536	2R	PASS
FBgn0003502	GO:0008340	FBtr0079616	Btk29A	CG8049	2L	PASS
FBgn0003502	GO:0008340	FBtr0079617	Btk29A	CG8049	2L	PASS
FBgn0003502	GO:0008340	FBtr0112836	Btk29A	CG8049	2L	PASS
FBgn0025352	GO:0008340	FBtr0072226	Mtpbeta	CG4581	2R	PASS
FBgn0261560	GO:0008340	FBtr0345289	Thor	CG8846	2L	PASS
FBgn0261560	GO:0008340	FBtr0077524	Thor	CG8846	2L	PASS
FBgn0033127	GO:0008340	FBtr0089023	Tsp42Ef	CG12845	2R	PASS
FBgn0015946	GO:0008340	FBtr0075130	grim	CG4345	3L	PASS
FBgn0030092	GO:0008340	FBtr0071348	fh	CG8971	X	PASS
FBgn0021796	GO:0008340	FBtr0080422	Tor	CG5092	2L	PASS
FBgn0243512	GO:0008340	FBtr0339722	puc	CG7850	3R	PASS
FBgn0243512	GO:0008340	FBtr0081792	puc	CG7850	3R	PASS
FBgn0004901	GO:0008340	FBtr0304705	Prat	CG2867	3R	PASS
FBgn0004901	GO:0008340	FBtr0081764	Prat	CG2867	3R	PASS
FBgn0010531	GO:0008340	FBtr0333068	Ccs	CG17753	2R	PASS
FBgn0010531	GO:0008340	FBtr0300944	Ccs	CG17753	2R	PASS
FBgn0040309	GO:0008340	FBtr0345161	Jafrac1	CG1633	X	PASS
FBgn0040309	GO:0008340	FBtr0339699	Jafrac1	CG1633	X	PASS
FBgn0040309	GO:0008340	FBtr0073763	Jafrac1	CG1633	X	PASS
FBgn0040309	GO:0008340	FBtr0339700	Jafrac1	CG1633	X	PASS
FBgn0040309	GO:0008340	FBtr0073764	Jafrac1	CG1633	X	PASS
FBgn0001257	GO:0008340	FBtr0073250	ImpL2	CG15009	3L	PASS
FBgn0001230	GO:0008340	FBtr0084589	Hsp68	CG5436	3R	PASS
FBgn0260466	GO:0008340	FBtr0091937	Indy-2	CG33933	3R	PASS
FBgn0260466	GO:0008340	FBtr0091938	Indy-2	CG33933	3R	PASS
FBgn0034521	GO:0008340	FBtr0086259	Mgat1	CG13431	2R	PASS
FBgn0004507	GO:0008340	FBtr0100485	GlyP	CG7254	2L	PASS
FBgn0004507	GO:0008340	FBtr0077828	GlyP	CG7254	2L	PASS
FBgn0002921	GO:0008340	FBtr0089510	Atpalpha	CG5670	3R	PASS
FBgn0024248	GO:0008340	FBtr0080088	chico	CG5686	2L	PASS
FBgn0024248	GO:0008340	FBtr0333412	chico	CG5686	2L	PASS
FBgn0024248	GO:0008340	FBtr0303904	chico	CG5686	2L	PASS
FBgn0037873	GO:0008340	FBtr0335221	SdhC	CG6666	3R	PASS
FBgn0037873	GO:0008340	FBtr0082372	SdhC	CG6666	3R	PASS
FBgn0053138	GO:0008340	FBtr0087732	AGBE	CG33138	2R	PASS
FBgn0037574	GO:0008340	FBtr0081858	Coq2	CG9613	3R	PASS
FBgn0029976	GO:0008340	FBtr0071092	snz	CG1514	X	PASS
FBgn0029976	GO:0008340	FBtr0340148	snz	CG1514	X	PASS
FBgn0034877	GO:0008340	FBtr0343265	levy	CG17280	2R	PASS
FBgn0034877	GO:0008340	FBtr0072061	levy	CG17280	2R	PASS
FBgn0000257	GO:0008340	FBtr0074727	car	CG12230	X	PASS
FBgn0000257	GO:0008340	FBtr0074728	car	CG12230	X	PASS
FBgn0024291	GO:0008340	FBtr0080434	Sirt1	CG5216	2L	PASS
FBgn0283499	GO:0008340	FBtr0290230	InR	CG18402	3R	PASS
FBgn0283499	GO:0008340	FBtr0084121	InR	CG18402	3R	PASS
FBgn0283499	GO:0008340	FBtr0290231	InR	CG18402	3R	PASS
FBgn0283499	GO:0008340	FBtr0290232	InR	CG18402	3R	PASS
FBgn0029502	GO:0008340	FBtr0070963	Coq7	CG14437	X	PASS
FBgn0003462	GO:0008340	FBtr0076229	Sod1	CG11793	3L	PASS
FBgn0040070	GO:0008340	FBtr0079840	Trx-2	CG31884	2L	PASS
FBgn0040070	GO:0008340	FBtr0079839	Trx-2	CG31884	2L	PASS
FBgn0039576	GO:0008340	FBtr0085279	UQCR-14L	CG17856	3R	PASS
FBgn0014141	GO:0008340	FBtr0089471	cher	CG3937	3R	PASS
FBgn0011455	GO:0008340	FBtr0334094	ND-SGDH	CG9762	3L	PASS
FBgn0011455	GO:0008340	FBtr0076023	ND-SGDH	CG9762	3L	PASS
FBgn0030350	GO:0008340	FBtr0073570	SelG	CG1844	X	PASS
FBgn0034009	GO:0008340	FBtr0087391	CG8155	NA	2R	PASS
FBgn0043792	GO:0008340	FBtr0072416	CG30427	NA	2R	PASS
FBgn0043792	GO:0008340	FBtr0072415	CG30427	NA	2R	PASS
FBgn0043792	GO:0008340	FBtr0300957	CG30427	NA	2R	PASS
FBgn0043792	GO:0008340	FBtr0300956	CG30427	NA	2R	PASS
FBgn0043792	GO:0008340	FBtr0309244	CG30427	NA	2R	PASS
FBgn0043792	GO:0008340	FBtr0072413	CG30427	NA	2R	PASS
FBgn0043792	GO:0008340	FBtr0072414	CG30427	NA	2R	PASS
FBgn0003301	GO:0008340	FBtr0073992	rut	CG9533	X	PASS
FBgn0002566	GO:0008340	FBtr0344082	lt	CG18028	2L	PASS
FBgn0002566	GO:0008340	FBtr0333519	lt	CG18028	2L	PASS
FBgn0002566	GO:0008340	FBtr0111125	lt	CG18028	2L	PASS
FBgn0002566	GO:0008340	FBtr0111123	lt	CG18028	2L	PASS
FBgn0283472	GO:0008340	FBtr0077114	S6k	CG10539	3L	PASS
FBgn0283472	GO:0008340	FBtr0333264	S6k	CG10539	3L	PASS
FBgn0028479	GO:0008340	FBtr0079858	Mtpalpha	CG4389	2L	PASS
FBgn0028479	GO:0008340	FBtr0079857	Mtpalpha	CG4389	2L	PASS
FBgn0030766	GO:0008340	FBtr0340150	mthl1	CG4521	X	PASS
FBgn0030766	GO:0008340	FBtr0074314	mthl1	CG4521	X	PASS
FBgn0003360	GO:0008340	FBtr0073422	sesB	CG16944	X	PASS
FBgn0003360	GO:0008340	FBtr0073424	sesB	CG16944	X	PASS
FBgn0016120	GO:0008340	FBtr0083727	ATPsynD	CG6030	3R	PASS
FBgn0016120	GO:0008340	FBtr0083728	ATPsynD	CG6030	3R	PASS
FBgn0016120	GO:0008340	FBtr0346155	ATPsynD	CG6030	3R	PASS
FBgn0003205	GO:0008340	FBtr0082122	Ras85D	CG9375	3R	PASS
FBgn0259176	GO:0008340	FBtr0299658	bun	CG42281	2L	PASS
FBgn0259176	GO:0008340	FBtr0299656	bun	CG42281	2L	PASS
FBgn0033799	GO:0008340	FBtr0310154	GLaz	CG4604	2R	PASS
FBgn0033799	GO:0008340	FBtr0310155	GLaz	CG4604	2R	PASS
FBgn0033799	GO:0008340	FBtr0310152	GLaz	CG4604	2R	PASS
FBgn0033799	GO:0008340	FBtr0087772	GLaz	CG4604	2R	PASS
FBgn0033799	GO:0008340	FBtr0310153	GLaz	CG4604	2R	PASS
FBgn0033799	GO:0008340	FBtr0310151	GLaz	CG4604	2R	PASS
FBgn0036191	GO:0008340	FBtr0344966	Sugb	CG7334	3L	PASS
FBgn0036191	GO:0008340	FBtr0300100	Sugb	CG7334	3L	PASS
FBgn0036191	GO:0008340	FBtr0273362	Sugb	CG7334	3L	PASS
FBgn0026439	GO:0008340	FBtr0079802	Eaat1	CG3747	2L	PASS
FBgn0026439	GO:0008340	FBtr0303876	Eaat1	CG3747	2L	PASS
FBgn0026439	GO:0008340	FBtr0079800	Eaat1	CG3747	2L	PASS
FBgn0026439	GO:0008340	FBtr0079801	Eaat1	CG3747	2L	PASS
FBgn0038167	GO:0008340	FBtr0082812	Lkb1	CG9374	3R	PASS
FBgn0038167	GO:0008340	FBtr0082814	Lkb1	CG9374	3R	PASS
FBgn0038167	GO:0008340	FBtr0082808	Lkb1	CG9374	3R	PASS
FBgn0038167	GO:0008340	FBtr0082811	Lkb1	CG9374	3R	PASS
FBgn0038167	GO:0008340	FBtr0082810	Lkb1	CG9374	3R	PASS
FBgn0038167	GO:0008340	FBtr0082813	Lkb1	CG9374	3R	PASS
FBgn0038167	GO:0008340	FBtr0301488	Lkb1	CG9374	3R	PASS
FBgn0038167	GO:0008340	FBtr0082809	Lkb1	CG9374	3R	PASS
FBgn0038167	GO:0008340	FBtr0082815	Lkb1	CG9374	3R	PASS
FBgn0038788	GO:0008340	FBtr0479649	Sirt2	CG5085	3R	PASS
FBgn0035131	GO:0008340	FBtr0072574	mthl9	CG17084	3L	PASS
FBgn0027111	GO:0008340	FBtr0072505	miple1	CG1221	3L	PASS
FBgn0027111	GO:0008340	FBtr0072504	miple1	CG1221	3L	PASS
FBgn0027111	GO:0008340	FBtr0310416	miple1	CG1221	3L	PASS
FBgn0263397	GO:0008340	FBtr0308836	Ih	CG8585	2R	PASS
FBgn0263397	GO:0008340	FBtr0290110	Ih	CG8585	2R	PASS
FBgn0263397	GO:0008340	FBtr0100369	Ih	CG8585	2R	PASS
FBgn0263397	GO:0008340	FBtr0290109	Ih	CG8585	2R	PASS
FBgn0263397	GO:0008340	FBtr0290111	Ih	CG8585	2R	PASS
FBgn0263397	GO:0008340	FBtr0308835	Ih	CG8585	2R	PASS
FBgn0263397	GO:0008340	FBtr0308834	Ih	CG8585	2R	PASS
FBgn0263397	GO:0008340	FBtr0100372	Ih	CG8585	2R	PASS
FBgn0263397	GO:0008340	FBtr0308837	Ih	CG8585	2R	PASS
FBgn0263397	GO:0008340	FBtr0290292	Ih	CG8585	2R	PASS
FBgn0263397	GO:0008340	FBtr0100370	Ih	CG8585	2R	PASS
FBgn0038880	GO:0008340	FBtr0301815	SIFaR	CG10823	3R	PASS
FBgn0038880	GO:0008340	FBtr0084098	SIFaR	CG10823	3R	PASS
FBgn0042132	GO:0008340	FBtr0331747	CG18809	NA	X	PASS
FBgn0042132	GO:0008340	FBtr0331746	CG18809	NA	X	PASS
FBgn0042132	GO:0008340	FBtr0074811	CG18809	NA	X	PASS
FBgn0042132	GO:0008340	FBtr0074810	CG18809	NA	X	PASS
FBgn0000330	GO:0008340	FBtr0071033	cm	CG3035	X	PASS
FBgn0000330	GO:0008340	FBtr0332315	cm	CG3035	X	PASS
FBgn0030718	GO:0008340	FBtr0340417	ND-20	CG9172	X	PASS
FBgn0030718	GO:0008340	FBtr0074152	ND-20	CG9172	X	PASS
FBgn0030718	GO:0008340	FBtr0074151	ND-20	CG9172	X	PASS
FBgn0001202	GO:0008340	FBtr0081180	hook	CG10653	2L	PASS
FBgn0000659	GO:0008340	FBtr0300259	fkh	CG10002	3R	PASS
FBgn0000659	GO:0008340	FBtr0345227	fkh	CG10002	3R	PASS
FBgn0000659	GO:0008340	FBtr0085321	fkh	CG10002	3R	PASS
FBgn0003068	GO:0008340	FBtr0070477	per	CG2647	X	PASS
FBgn0003731	GO:0008340	FBtr0071654	Egfr	CG10079	2R	PASS
FBgn0005278	GO:0008340	FBtr0089434	Sam-S	CG2674	2L	PASS
FBgn0005278	GO:0008340	FBtr0089429	Sam-S	CG2674	2L	PASS
FBgn0005278	GO:0008340	FBtr0089433	Sam-S	CG2674	2L	PASS
FBgn0005278	GO:0008340	FBtr0089437	Sam-S	CG2674	2L	PASS
FBgn0005278	GO:0008340	FBtr0089430	Sam-S	CG2674	2L	PASS
FBgn0005278	GO:0008340	FBtr0089432	Sam-S	CG2674	2L	PASS
FBgn0031148	GO:0008340	FBtr0077244	Cbs	CG1753	X	PASS
FBgn0031148	GO:0008340	FBtr0077245	Cbs	CG1753	X	PASS
FBgn0031148	GO:0008340	FBtr0340437	Cbs	CG1753	X	PASS
FBgn0035977	GO:0008340	FBtr0076439	PGRP-LF	CG4437	3L	PASS
FBgn0262975	GO:0008340	FBtr0306753	cnc	CG43286	3R	PASS
FBgn0262975	GO:0008340	FBtr0306748	cnc	CG43286	3R	PASS
FBgn0262975	GO:0008340	FBtr0306754	cnc	CG43286	3R	PASS
FBgn0262169	GO:0008340	FBtr0113062	magu	CG2264	2R	PASS
FBgn0262169	GO:0008340	FBtr0088401	magu	CG2264	2R	PASS
FBgn0262169	GO:0008340	FBtr0088399	magu	CG2264	2R	PASS
FBgn0262169	GO:0008340	FBtr0088402	magu	CG2264	2R	PASS
FBgn0026199	GO:0008340	FBtr0089095	myo	CG1838	4	PASS
FBgn0026199	GO:0008340	FBtr0089094	myo	CG1838	4	PASS
FBgn0026199	GO:0008340	FBtr0089092	myo	CG1838	4	PASS
FBgn0029002	GO:0008340	FBtr0072506	miple2	CG18321	3L	PASS
FBgn0029002	GO:0008340	FBtr0332838	miple2	CG18321	3L	PASS
FBgn0029002	GO:0008340	FBtr0332837	miple2	CG18321	3L	PASS
FBgn0029002	GO:0008340	FBtr0332836	miple2	CG18321	3L	PASS
FBgn0029002	GO:0008340	FBtr0332839	miple2	CG18321	3L	PASS
FBgn0003256	GO:0008340	FBtr0113700	rl	CG12559	2R	PASS
FBgn0003256	GO:0008340	FBtr0113703	rl	CG12559	2R	PASS
FBgn0003256	GO:0008340	FBtr0345337	rl	CG12559	2R	PASS
FBgn0003256	GO:0008340	FBtr0113702	rl	CG12559	2R	PASS
FBgn0001225	GO:0008340	FBtr0346539	Hsp26	CG4183	3L	PASS
FBgn0001225	GO:0008340	FBtr0076496	Hsp26	CG4183	3L	PASS
FBgn0031820	GO:0008340	FBtr0344764	Daxx	CG9537	2L	PASS
FBgn0031820	GO:0008340	FBtr0079260	Daxx	CG9537	2L	PASS
FBgn0261545	GO:0008340	FBtr0302645	CG42663	NA	2R	PASS
FBgn0261545	GO:0008340	FBtr0310576	CG42663	NA	2R	PASS
FBgn0261545	GO:0008340	FBtr0302644	CG42663	NA	2R	PASS
FBgn0051414	GO:0008340	FBtr0113405	Gba1b	CG31414	3R	PASS
FBgn0051414	GO:0008340	FBtr0334767	Gba1b	CG31414	3R	PASS
FBgn0263490	GO:0008340	FBtr0304914	mld	CG34100	3R	PASS
FBgn0263490	GO:0008340	FBtr0111012	mld	CG34100	3R	PASS
FBgn0263490	GO:0008340	FBtr0304915	mld	CG34100	3R	PASS
FBgn0263490	GO:0008340	FBtr0304913	mld	CG34100	3R	PASS
FBgn0263490	GO:0008340	FBtr0304912	mld	CG34100	3R	PASS
FBgn0004373	GO:0008340	FBtr0072515	fwd	CG7004	3L	PASS
FBgn0004373	GO:0008340	FBtr0332841	fwd	CG7004	3L	PASS
FBgn0004373	GO:0008340	FBtr0072517	fwd	CG7004	3L	PASS
FBgn0004373	GO:0008340	FBtr0072516	fwd	CG7004	3L	PASS
FBgn0045442	GO:0008340	FBtr0082746	mthl12	CG32853	3R	PASS
FBgn0020653	GO:0008340	FBtr0071168	Trxr-1	CG2151	X	PASS
FBgn0052672	GO:0008340	FBtr0346375	Atg8a	CG32672	X	PASS
FBgn0052672	GO:0008340	FBtr0071498	Atg8a	CG32672	X	PASS
FBgn0052672	GO:0008340	FBtr0346376	Atg8a	CG32672	X	PASS
FBgn0035468	GO:0008340	FBtr0114512	Gr63a	CG14979	3L	PASS
FBgn0051148	GO:0008340	FBtr0084441	Gba1a	CG31148	3R	PASS
FBgn0001223	GO:0008340	FBtr0100559	Hsp22	CG4460	3L	PASS
FBgn0001223	GO:0008340	FBtr0100558	Hsp22	CG4460	3L	PASS
FBgn0004647	GO:0008340	FBtr0070507	N	CG3936	X	PASS
FBgn0004647	GO:0008340	FBtr0304659	N	CG3936	X	PASS
FBgn0051216	GO:0008340	FBtr0335415	Naam	CG31216	3R	PASS
FBgn0051216	GO:0008340	FBtr0083786	Naam	CG31216	3R	PASS
FBgn0024432	GO:0008340	FBtr0083575	Dlc90F	CG12363	3R	PASS
FBgn0031885	GO:0008340	FBtr0079401	Mnn1	CG13778	2L	PASS
FBgn0031885	GO:0008340	FBtr0079402	Mnn1	CG13778	2L	PASS
FBgn0031885	GO:0008340	FBtr0110978	Mnn1	CG13778	2L	PASS
FBgn0000097	GO:0008340	FBtr0330660	aop	CG3166	2L	PASS
FBgn0000097	GO:0008340	FBtr0330658	aop	CG3166	2L	PASS
FBgn0000097	GO:0008340	FBtr0077850	aop	CG3166	2L	PASS
FBgn0000097	GO:0008340	FBtr0330659	aop	CG3166	2L	PASS
FBgn0000097	GO:0008340	FBtr0077851	aop	CG3166	2L	PASS
FBgn0030057	GO:0008340	FBtr0345985	Ppt1	CG12108	X	PASS
FBgn0030057	GO:0008340	FBtr0071225	Ppt1	CG12108	X	PASS
FBgn0016697	GO:0008340	FBtr0086910	Prosalpha5	CG10938	2R	PASS
FBgn0016697	GO:0008340	FBtr0086911	Prosalpha5	CG10938	2R	PASS
FBgn0250843	GO:0008340	FBtr0343606	Prosalpha6	CG4904	2L	PASS
FBgn0250843	GO:0008340	FBtr0079948	Prosalpha6	CG4904	2L	PASS
FBgn0001226	GO:0008340	FBtr0346541	Hsp27	CG4466	3L	PASS
FBgn0001226	GO:0008340	FBtr0076454	Hsp27	CG4466	3L	PASS
FBgn0003308	GO:0008340	FBtr0082704	ry	CG7642	3R	PASS
FBgn0037960	GO:0008340	FBtr0082515	mthl5	CG6965	3R	PASS
FBgn0036756	GO:0008340	FBtr0333693	Cln3	CG5582	3L	PASS
FBgn0036756	GO:0008340	FBtr0075167	Cln3	CG5582	3L	PASS
FBgn0029783	GO:0008340	FBtr0070852	Sirt4	CG3187	X	PASS
FBgn0259170	GO:0008340	FBtr0300516	alpha-Man-Ia	CG42275	X	PASS
FBgn0259170	GO:0008340	FBtr0300513	alpha-Man-Ia	CG42275	X	PASS
FBgn0259170	GO:0008340	FBtr0300515	alpha-Man-Ia	CG42275	X	PASS
FBgn0259170	GO:0008340	FBtr0300511	alpha-Man-Ia	CG42275	X	PASS
FBgn0259170	GO:0008340	FBtr0300514	alpha-Man-Ia	CG42275	X	PASS
FBgn0259170	GO:0008340	FBtr0299632	alpha-Man-Ia	CG42275	X	PASS
FBgn0263316	GO:0008340	FBtr0302027	Mrp4	CG14709	3R	PASS
FBgn0045443	GO:0008340	FBtr0332552	mthl11	CG31147	3R	PASS
FBgn0022764	GO:0008340	FBtr0339650	Sin3A	CG8815	2R	PASS
FBgn0022764	GO:0008340	FBtr0303565	Sin3A	CG8815	2R	PASS
FBgn0022764	GO:0008340	FBtr0087890	Sin3A	CG8815	2R	PASS
FBgn0022764	GO:0008340	FBtr0087887	Sin3A	CG8815	2R	PASS
FBgn0022764	GO:0008340	FBtr0303566	Sin3A	CG8815	2R	PASS
FBgn0022764	GO:0008340	FBtr0087888	Sin3A	CG8815	2R	PASS
FBgn0022764	GO:0008340	FBtr0304683	Sin3A	CG8815	2R	PASS
FBgn0022764	GO:0008340	FBtr0339651	Sin3A	CG8815	2R	PASS
FBgn0022764	GO:0008340	FBtr0087889	Sin3A	CG8815	2R	PASS
FBgn0022764	GO:0008340	FBtr0347014	Sin3A	CG8815	2R	PASS
FBgn0052475	GO:0008340	FBtr0072462	mthl8	CG32475	3L	PASS
FBgn0052475	GO:0008340	FBtr0329896	mthl8	CG32475	3L	PASS
FBgn0013762	GO:0008340	FBtr0087350	Cdk5	CG8203	2R	PASS
FBgn0053126	GO:0008340	FBtr0077942	NLaz	CG33126	2L	PASS
FBgn0053126	GO:0008340	FBtr0329947	NLaz	CG33126	2L	PASS
FBgn0053126	GO:0008340	FBtr0343844	NLaz	CG33126	2L	PASS
FBgn0033846	GO:0008340	FBtr0087669	mip120	CG6061	2R	PASS
FBgn0025800	GO:0008340	FBtr0071192	Smox	CG2262	X	PASS
FBgn0025800	GO:0008340	FBtr0340159	Smox	CG2262	X	PASS
FBgn0030501	GO:0008340	FBtr0073806	BthD	CG11177	X	PASS
FBgn0033096	GO:0008340	FBtr0086139	Zip42C.1	CG9428	2R	PASS
FBgn0040294	GO:0008340	FBtr0086828	POSH	CG4909	2R	PASS
FBgn0038570	GO:0008340	FBtr0100619	Prx5	CG7217	3R	PASS
FBgn0038570	GO:0008340	FBtr0100620	Prx5	CG7217	3R	PASS
FBgn0284245	GO:0008340	FBtr0088035	eEF1alpha1	CG8280	2R	PASS
FBgn0039044	GO:0008340	FBtr0084360	p53	CG33336	3R	PASS
FBgn0039044	GO:0008340	FBtr0084359	p53	CG33336	3R	PASS
FBgn0039044	GO:0008340	FBtr0301765	p53	CG33336	3R	PASS
FBgn0039044	GO:0008340	FBtr0345262	p53	CG33336	3R	PASS
FBgn0030695	GO:0008340	FBtr0307978	PGRP-LE	CG8995	X	PASS
FBgn0030695	GO:0008340	FBtr0074183	PGRP-LE	CG8995	X	PASS
FBgn0015575	GO:0008340	FBtr0081550	alpha-Est7	CG1112	3R	PASS
FBgn0031263	GO:0008340	FBtr0078066	Tspo	CG2789	2L	PASS
FBgn0028695	GO:0008340	FBtr0074893	Rpn1	CG7762	3L	PASS
FBgn0013672	GO:0008340	FBtr0433498	mt:ATPase6	CG34073	mitochondrion_genome	PASS
FBgn0002774	GO:0008340	FBtr0086031	mle	CG11680	2R	PASS
FBgn0004657	GO:0008340	FBtr0340137	mys	CG1560	X	PASS
FBgn0004657	GO:0008340	FBtr0340136	mys	CG1560	X	PASS
FBgn0004657	GO:0008340	FBtr0071105	mys	CG1560	X	PASS
FBgn0023511	GO:0008340	FBtr0070353	Edem1	CG3810	X	PASS
FBgn0023511	GO:0008340	FBtr0070354	Edem1	CG3810	X	PASS
FBgn0023511	GO:0008340	FBtr0070352	Edem1	CG3810	X	PASS
FBgn0023511	GO:0008340	FBtr0305583	Edem1	CG3810	X	PASS
FBgn0023511	GO:0008340	FBtr0332580	Edem1	CG3810	X	PASS
FBgn0015805	GO:0008340	FBtr0073317	HDAC1	CG7471	3L	PASS
FBgn0035132	GO:0008340	FBtr0072573	mthl10	CG17061	3L	PASS
FBgn0038074	GO:0008340	FBtr0082651	Gnmt	CG6188	3R	PASS
FBgn0031461	GO:0008340	FBtr0077720	daw	CG16987	2L	PASS
FBgn0031461	GO:0008340	FBtr0077721	daw	CG16987	2L	PASS
FBgn0031461	GO:0008340	FBtr0335151	daw	CG16987	2L	PASS
FBgn0000482	GO:0008340	FBtr0070269	dor	CG3093	X	PASS
FBgn0038519	GO:0008340	FBtr0083503	Prx3	CG5826	3R	PASS
FBgn0003118	GO:0008340	FBtr0089717	pnt	CG17077	3R	PASS
FBgn0010213	GO:0008340	FBtr0087078	Sod2	CG8905	2R	PASS
FBgn0032840	GO:0008340	FBtr0081327	sNPF	CG13968	2L	PASS
FBgn0015765	GO:0008340	FBtr0084581	p38a	CG5475	3R	PASS
FBgn0015765	GO:0008340	FBtr0084580	p38a	CG5475	3R	PASS
FBgn0015765	GO:0008340	FBtr0300572	p38a	CG5475	3R	PASS
FBgn0034312	GO:0008340	FBtr0332853	CG10916	NA	2R	PASS
FBgn0034312	GO:0008340	FBtr0086749	CG10916	NA	2R	PASS
FBgn0029840	GO:0008340	FBtr0332964	raptor	CG4320	X	PASS
FBgn0029840	GO:0008340	FBtr0345895	raptor	CG4320	X	PASS
FBgn0000261	GO:0008340	FBtr0075058	Cat	CG6871	3L	PASS
FBgn0010269	GO:0008340	FBtr0071313	Dsor1	CG15793	X	PASS
FBgn0028956	GO:0008340	FBtr0086955	mthl3	CG6530	2R	PASS
FBgn0028956	GO:0008340	FBtr0340212	mthl3	CG6530	2R	PASS
FBgn0028956	GO:0008340	FBtr0340211	mthl3	CG6530	2R	PASS
FBgn0035789	GO:0008340	FBtr0076789	mthl6	CG16992	3L	PASS
FBgn0033448	GO:0008340	FBtr0088487	hebe	CG1623	2R	PASS
FBgn0033448	GO:0008340	FBtr0088490	hebe	CG1623	2R	PASS
FBgn0033448	GO:0008340	FBtr0113061	hebe	CG1623	2R	PASS
FBgn0033448	GO:0008340	FBtr0088486	hebe	CG1623	2R	PASS
FBgn0026317	GO:0008340	FBtr0084546	Tsc1	CG6147	3R	PASS
FBgn0014391	GO:0008340	FBtr0074176	sun	CG9032	X	PASS
FBgn0024846	GO:0008340	FBtr0080534	p38b	CG7393	2L	PASS
FBgn0026404	GO:0008340	FBtr0076347	Dronc	CG8091	3L	PASS
FBgn0001087	GO:0008340	FBtr0073842	g	CG10986	X	PASS
FBgn0041342	GO:0008340	FBtr0333396	Pcyt1	CG1049	3L	PASS
FBgn0041342	GO:0008340	FBtr0345365	Pcyt1	CG1049	3L	PASS
FBgn0041342	GO:0008340	FBtr0072738	Pcyt1	CG1049	3L	PASS
FBgn0041342	GO:0008340	FBtr0072740	Pcyt1	CG1049	3L	PASS
FBgn0041342	GO:0008340	FBtr0072741	Pcyt1	CG1049	3L	PASS
FBgn0041342	GO:0008340	FBtr0072739	Pcyt1	CG1049	3L	PASS
FBgn0028707	GO:0008340	FBtr0342603	Mt2	CG10692	2L	PASS
FBgn0028707	GO:0008340	FBtr0110911	Mt2	CG10692	2L	PASS
FBgn0023000	GO:0008340	FBtr0306850	mth	CG6936	3L	PASS
FBgn0023000	GO:0008340	FBtr0072570	mth	CG6936	3L	PASS
FBgn0036568	GO:0008340	FBtr0075446	ATPsynbetaL	CG5389	3L	PASS
FBgn0035847	GO:0008340	FBtr0076726	mthl7	CG7476	3L	PASS
FBgn0266557	GO:0008340	FBtr0078144	kis	CG3696	2L	PASS
FBgn0266557	GO:0008340	FBtr0308255	kis	CG3696	2L	PASS
FBgn0266557	GO:0008340	FBtr0308254	kis	CG3696	2L	PASS
FBgn0266557	GO:0008340	FBtr0078145	kis	CG3696	2L	PASS
FBgn0266557	GO:0008340	FBtr0308253	kis	CG3696	2L	PASS
FBgn0266557	GO:0008340	FBtr0299837	kis	CG3696	2L	PASS
FBgn0035623	GO:0008340	FBtr0077088	mthl2	CG17795	3L	PASS
FBgn0027491	GO:0008340	FBtr0080063	Cdk5alpha	CG5387	2L	PASS
FBgn0027491	GO:0008340	FBtr0331670	Cdk5alpha	CG5387	2L	PASS
FBgn0086355	GO:0008340	FBtr0085583	Tpi	CG2171	3R	PASS
FBgn0086355	GO:0008340	FBtr0085584	Tpi	CG2171	3R	PASS
FBgn0032210	GO:0008340	FBtr0080071	CYLD	CG5603	2L	PASS
FBgn0032210	GO:0008340	FBtr0080072	CYLD	CG5603	2L	PASS
FBgn0032210	GO:0008340	FBtr0080070	CYLD	CG5603	2L	PASS
FBgn0086361	GO:0008340	FBtr0085446	alph	CG1906	3R	PASS
FBgn0086361	GO:0008340	FBtr0309241	alph	CG1906	3R	PASS
FBgn0086361	GO:0008340	FBtr0085443	alph	CG1906	3R	PASS
FBgn0086361	GO:0008340	FBtr0085442	alph	CG1906	3R	PASS
FBgn0086361	GO:0008340	FBtr0085444	alph	CG1906	3R	PASS
FBgn0086361	GO:0008340	FBtr0085445	alph	CG1906	3R	PASS
