dgrp	sex	low_extreme	mediocre	high_extreme	total_nr_phenotypes	fraction_extreme
DGRP_010	F	0.4	0.4	0.2	5	0.6000000000000001
DGRP_010	M	NA	0.8	0.2	5	0.2
DGRP_021	F	0.13432835820895522	0.7313432835820896	0.13432835820895522	67	0.26865671641791045
DGRP_021	M	0.2839506172839506	0.6790123456790124	0.037037037037037035	81	0.32098765432098764
DGRP_021	NA	0.07692307692307693	0.6730769230769231	0.25	52	0.3269230769230769
DGRP_023	F	0.2	0.8	NA	5	0.2
DGRP_023	M	NA	1	NA	5	0
DGRP_026	F	0.3188405797101449	0.6376811594202898	0.043478260869565216	69	0.3623188405797101
DGRP_026	M	0.22784810126582278	0.5949367088607594	0.17721518987341772	79	0.4050632911392405
DGRP_026	NA	0.19230769230769232	0.7115384615384616	0.09615384615384616	52	0.2884615384615385
DGRP_028	F	0.0958904109589041	0.7123287671232876	0.1917808219178082	73	0.2876712328767123
DGRP_028	M	0.15	0.7625	0.0875	80	0.2375
DGRP_028	NA	0.10416666666666667	0.8333333333333334	0.0625	48	0.16666666666666669
DGRP_031	F	0.19047619047619047	0.6190476190476191	0.19047619047619047	21	0.38095238095238093
DGRP_031	M	0.2222222222222222	0.5	0.2777777777777778	18	0.5
DGRP_031	NA	NA	1	NA	7	0
DGRP_032	F	0.24	0.64	0.12	25	0.36
DGRP_032	M	0.4090909090909091	0.5454545454545454	0.045454545454545456	22	0.4545454545454546
DGRP_032	NA	0.14285714285714285	0.42857142857142855	0.42857142857142855	7	0.5714285714285714
DGRP_038	F	0.1780821917808219	0.6986301369863014	0.1232876712328767	73	0.3013698630136986
DGRP_038	M	0.13924050632911392	0.7215189873417721	0.13924050632911392	79	0.27848101265822783
DGRP_038	NA	0.10416666666666667	0.625	0.2708333333333333	48	0.375
DGRP_040	F	0.10714285714285714	0.7321428571428571	0.16071428571428573	56	0.26785714285714285
DGRP_040	M	0.21739130434782608	0.7391304347826086	0.043478260869565216	46	0.2608695652173913
DGRP_040	NA	0.07692307692307693	0.5576923076923077	0.36538461538461536	52	0.4423076923076923
DGRP_041	F	0.016666666666666666	0.6666666666666666	0.31666666666666665	60	0.3333333333333333
DGRP_041	M	0.023809523809523808	0.7619047619047619	0.21428571428571427	42	0.23809523809523808
DGRP_041	NA	0.3617021276595745	0.5531914893617021	0.0851063829787234	47	0.4468085106382979
DGRP_042	F	0.375	0.5138888888888888	0.1111111111111111	72	0.4861111111111111
DGRP_042	M	0.358974358974359	0.48717948717948717	0.15384615384615385	78	0.5128205128205128
DGRP_042	NA	0.19230769230769232	0.7307692307692307	0.07692307692307693	52	0.2692307692307693
DGRP_045	F	0.15492957746478872	0.676056338028169	0.16901408450704225	71	0.323943661971831
DGRP_045	M	0.16883116883116883	0.6623376623376623	0.16883116883116883	77	0.33766233766233766
DGRP_045	NA	0.23076923076923078	0.6730769230769231	0.09615384615384616	52	0.3269230769230769
DGRP_048	F	0.15384615384615385	0.5769230769230769	0.2692307692307692	26	0.4230769230769231
DGRP_048	M	0.08695652173913043	0.7391304347826086	0.17391304347826086	23	0.2608695652173913
DGRP_048	NA	0.2857142857142857	0.7142857142857143	NA	7	0.2857142857142857
DGRP_049	F	0.13043478260869565	0.782608695652174	0.08695652173913043	69	0.21739130434782608
DGRP_049	M	0.08974358974358974	0.782051282051282	0.1282051282051282	78	0.21794871794871795
DGRP_049	NA	0.09090909090909091	0.5454545454545454	0.36363636363636365	33	0.4545454545454546
DGRP_057	F	0.04411764705882353	0.8676470588235294	0.08823529411764706	68	0.1323529411764706
DGRP_057	M	0.12	0.6933333333333334	0.18666666666666668	75	0.30666666666666664
DGRP_057	NA	0.15384615384615385	0.7307692307692307	0.11538461538461539	52	0.2692307692307693
DGRP_059	F	0.1095890410958904	0.6164383561643836	0.273972602739726	73	0.3835616438356164
DGRP_059	M	0.08641975308641975	0.7901234567901234	0.12345679012345678	81	0.20987654320987653
DGRP_059	NA	0.17307692307692307	0.7692307692307693	0.057692307692307696	52	0.23076923076923078
DGRP_069	F	0.2028985507246377	0.7391304347826086	0.057971014492753624	69	0.2608695652173913
DGRP_069	M	0.15584415584415584	0.7272727272727273	0.11688311688311688	77	0.2727272727272727
DGRP_069	NA	0.11538461538461539	0.7692307692307693	0.11538461538461539	52	0.23076923076923078
DGRP_073	F	0.20833333333333334	0.625	0.16666666666666666	72	0.375
DGRP_073	M	0.15384615384615385	0.7051282051282052	0.14102564102564102	78	0.2948717948717949
DGRP_073	NA	0.19148936170212766	0.7659574468085106	0.0425531914893617	47	0.23404255319148937
DGRP_075	F	0.0821917808219178	0.5753424657534246	0.3424657534246575	73	0.4246575342465753
DGRP_075	M	0.0379746835443038	0.7974683544303798	0.16455696202531644	79	0.20253164556962025
DGRP_075	NA	0.15384615384615385	0.7692307692307693	0.07692307692307693	52	0.23076923076923078
DGRP_080	F	0.0625	0.9375	NA	16	0.0625
DGRP_080	M	0.3333333333333333	0.5	0.16666666666666666	6	0.5
DGRP_083	F	0.1891891891891892	0.6891891891891891	0.12162162162162163	74	0.31081081081081086
DGRP_083	M	0.15	0.7125	0.1375	80	0.2875
DGRP_083	NA	0.1346153846153846	0.8076923076923077	0.057692307692307696	52	0.1923076923076923
DGRP_085	F	0.1917808219178082	0.6438356164383562	0.1643835616438356	73	0.3561643835616438
DGRP_085	M	0.06172839506172839	0.7654320987654321	0.1728395061728395	81	0.2345679012345679
DGRP_085	NA	0.3137254901960784	0.45098039215686275	0.23529411764705882	51	0.5490196078431373
DGRP_088	F	0.046153846153846156	0.8769230769230769	0.07692307692307693	65	0.12307692307692308
DGRP_088	M	0.2054794520547945	0.6164383561643836	0.1780821917808219	73	0.3835616438356164
DGRP_088	NA	0.2682926829268293	0.4878048780487805	0.24390243902439024	41	0.5121951219512195
DGRP_091	F	0.07246376811594203	0.8405797101449275	0.08695652173913043	69	0.15942028985507245
DGRP_091	M	0.1375	0.7625	0.1	80	0.23750000000000002
DGRP_091	NA	0.19230769230769232	0.6153846153846154	0.19230769230769232	52	0.38461538461538464
DGRP_093	F	0.18309859154929578	0.5915492957746479	0.22535211267605634	71	0.4084507042253521
DGRP_093	M	0.12903225806451613	0.6935483870967742	0.1774193548387097	62	0.3064516129032258
DGRP_093	NA	0.09615384615384616	0.8653846153846154	0.038461538461538464	52	0.13461538461538464
DGRP_100	F	0.24	0.56	0.2	25	0.44
DGRP_100	M	0.09090909090909091	0.7272727272727273	0.18181818181818182	22	0.2727272727272727
DGRP_100	NA	0.14285714285714285	0.42857142857142855	0.42857142857142855	7	0.5714285714285714
DGRP_101	F	0.08108108108108109	0.5675675675675675	0.35135135135135137	74	0.43243243243243246
DGRP_101	M	0.1518987341772152	0.5949367088607594	0.25316455696202533	79	0.40506329113924056
DGRP_101	NA	0.23076923076923078	0.6153846153846154	0.15384615384615385	52	0.38461538461538464
DGRP_105	F	0.041666666666666664	0.6944444444444444	0.2638888888888889	72	0.3055555555555556
DGRP_105	M	0.057692307692307696	0.6730769230769231	0.2692307692307692	52	0.3269230769230769
DGRP_105	NA	0.2553191489361702	0.7021276595744681	0.0425531914893617	47	0.2978723404255319
DGRP_109	F	0.1	0.5428571428571428	0.35714285714285715	70	0.4571428571428572
DGRP_109	M	0.14864864864864866	0.7027027027027027	0.14864864864864866	74	0.2972972972972973
DGRP_109	NA	0.6341463414634146	0.24390243902439024	0.12195121951219512	41	0.7560975609756098
DGRP_110	F	0.25	0.75	NA	4	0.25
DGRP_110	M	0.25	0.75	NA	4	0.25
DGRP_113	F	NA	1	NA	4	0
DGRP_113	M	0.25	0.75	NA	4	0.25
DGRP_129	F	0.1780821917808219	0.7671232876712328	0.0547945205479452	73	0.2328767123287671
DGRP_129	M	0.1774193548387097	0.6129032258064516	0.20967741935483872	62	0.3870967741935484
DGRP_129	NA	0.3269230769230769	0.5961538461538461	0.07692307692307693	52	0.40384615384615385
DGRP_136	F	0.04054054054054054	0.6756756756756757	0.28378378378378377	74	0.32432432432432434
DGRP_136	M	0.024691358024691357	0.6419753086419753	0.3333333333333333	81	0.35802469135802467
DGRP_136	NA	0.04878048780487805	0.8292682926829268	0.12195121951219512	41	0.17073170731707316
DGRP_138	F	0.16901408450704225	0.7183098591549296	0.11267605633802817	71	0.28169014084507044
DGRP_138	M	0.22784810126582278	0.6455696202531646	0.12658227848101267	79	0.35443037974683544
DGRP_138	NA	0.20833333333333334	0.6458333333333334	0.14583333333333334	48	0.3541666666666667
DGRP_142	F	0.11594202898550725	0.7536231884057971	0.13043478260869565	69	0.24637681159420288
DGRP_142	M	0.13333333333333333	0.6933333333333334	0.17333333333333334	75	0.30666666666666664
DGRP_142	NA	0.1346153846153846	0.7115384615384616	0.15384615384615385	52	0.28846153846153844
DGRP_149	F	0.15873015873015872	0.7777777777777778	0.06349206349206349	63	0.2222222222222222
DGRP_149	M	0.07246376811594203	0.7391304347826086	0.18840579710144928	69	0.2608695652173913
DGRP_149	NA	0.3076923076923077	0.5769230769230769	0.11538461538461539	52	0.42307692307692313
DGRP_153	F	0.07462686567164178	0.8208955223880597	0.1044776119402985	67	0.1791044776119403
DGRP_153	M	0.14666666666666667	0.6	0.25333333333333335	75	0.4
DGRP_153	NA	0.3958333333333333	0.5625	0.041666666666666664	48	0.4375
DGRP_158	F	0.056338028169014086	0.7887323943661971	0.15492957746478872	71	0.2112676056338028
DGRP_158	M	0.14285714285714285	0.7532467532467533	0.1038961038961039	77	0.24675324675324675
DGRP_158	NA	0.7115384615384616	0.23076923076923078	0.057692307692307696	52	0.7692307692307693
DGRP_159	F	NA	1	NA	4	0
DGRP_159	M	NA	1	NA	4	0
DGRP_161	F	0.12903225806451613	0.6129032258064516	0.25806451612903225	62	0.3870967741935484
DGRP_161	M	0.12162162162162163	0.6351351351351351	0.24324324324324326	74	0.3648648648648649
DGRP_161	NA	0.2978723404255319	0.6595744680851063	0.0425531914893617	47	0.3404255319148936
DGRP_176	F	0.08571428571428572	0.7571428571428571	0.15714285714285714	70	0.24285714285714285
DGRP_176	M	0.19736842105263158	0.6973684210526315	0.10526315789473684	76	0.3026315789473684
DGRP_176	NA	0.038461538461538464	0.7692307692307693	0.19230769230769232	52	0.23076923076923078
DGRP_177	F	0.29850746268656714	0.5671641791044776	0.13432835820895522	67	0.43283582089552236
DGRP_177	M	0.28	0.64	0.08	75	0.36000000000000004
DGRP_177	NA	0.09615384615384616	0.75	0.15384615384615385	52	0.25
DGRP_181	F	0.13043478260869565	0.7681159420289855	0.10144927536231885	69	0.2318840579710145
DGRP_181	M	0.0958904109589041	0.684931506849315	0.2191780821917808	73	0.3150684931506849
DGRP_181	NA	0.1276595744680851	0.7021276595744681	0.1702127659574468	47	0.2978723404255319
DGRP_189	F	0.28	0.6	0.12	50	0.4
DGRP_189	M	0.2972972972972973	0.5675675675675675	0.13513513513513514	37	0.43243243243243246
DGRP_189	NA	0.19047619047619047	0.7619047619047619	0.047619047619047616	21	0.23809523809523808
DGRP_195	F	0.058823529411764705	0.7794117647058824	0.16176470588235295	68	0.22058823529411764
DGRP_195	M	0.14666666666666667	0.72	0.13333333333333333	75	0.28
DGRP_195	NA	0.23076923076923078	0.5961538461538461	0.17307692307692307	52	0.40384615384615385
DGRP_208	F	0.1875	0.575	0.2375	80	0.425
DGRP_208	M	0.12790697674418605	0.6627906976744186	0.20930232558139536	86	0.33720930232558144
DGRP_208	NA	0.14285714285714285	0.5535714285714286	0.30357142857142855	56	0.4464285714285714
DGRP_217	F	0.10810810810810811	0.6756756756756757	0.21621621621621623	74	0.32432432432432434
DGRP_217	M	0.125	0.65	0.225	80	0.35
DGRP_217	NA	0.34615384615384615	0.5384615384615384	0.11538461538461539	52	0.46153846153846156
DGRP_223	F	0.16666666666666666	0.6666666666666666	0.16666666666666666	60	0.3333333333333333
DGRP_223	M	0.18421052631578946	0.6578947368421053	0.15789473684210525	38	0.3421052631578947
DGRP_223	NA	0.8	NA	0.2	5	1
DGRP_226	NA	0.2	0.8	NA	5	0.2
DGRP_227	F	0.12121212121212122	0.8484848484848485	0.030303030303030304	66	0.15151515151515152
DGRP_227	M	0.08888888888888889	0.8	0.1111111111111111	45	0.2
DGRP_227	NA	0.23076923076923078	0.6923076923076923	0.07692307692307693	52	0.3076923076923077
DGRP_228	F	0.10144927536231885	0.7391304347826086	0.15942028985507245	69	0.2608695652173913
DGRP_228	M	0.2236842105263158	0.6578947368421053	0.11842105263157894	76	0.34210526315789475
DGRP_228	NA	0.34615384615384615	0.5961538461538461	0.057692307692307696	52	0.40384615384615385
DGRP_229	F	0.2857142857142857	0.6142857142857143	0.1	70	0.3857142857142857
DGRP_229	M	0.13924050632911392	0.6455696202531646	0.21518987341772153	79	0.35443037974683544
DGRP_229	NA	0.3269230769230769	0.6153846153846154	0.057692307692307696	52	0.38461538461538464
DGRP_233	F	0.16393442622950818	0.7049180327868853	0.13114754098360656	61	0.29508196721311475
DGRP_233	M	0.14084507042253522	0.6338028169014085	0.22535211267605634	71	0.36619718309859156
DGRP_233	NA	0.3888888888888889	0.5277777777777778	0.08333333333333333	36	0.4722222222222222
DGRP_235	F	0.4393939393939394	0.4696969696969697	0.09090909090909091	66	0.5303030303030303
DGRP_235	M	0.2328767123287671	0.6438356164383562	0.1232876712328767	73	0.3561643835616438
DGRP_235	NA	0.09615384615384616	0.75	0.15384615384615385	52	0.25
DGRP_237	F	0.043478260869565216	0.6666666666666666	0.2898550724637681	69	0.33333333333333337
DGRP_237	M	0.04	0.7466666666666667	0.21333333333333335	75	0.25333333333333335
DGRP_237	NA	0.1346153846153846	0.75	0.11538461538461539	52	0.25
DGRP_239	F	0.09333333333333334	0.7466666666666667	0.16	75	0.25333333333333335
DGRP_239	M	0.07407407407407407	0.7777777777777778	0.14814814814814814	81	0.2222222222222222
DGRP_239	NA	0.1346153846153846	0.6538461538461539	0.21153846153846154	52	0.34615384615384615
DGRP_256	F	0.15254237288135594	0.7627118644067796	0.0847457627118644	59	0.23728813559322035
DGRP_256	M	0.17142857142857143	0.6857142857142857	0.14285714285714285	70	0.3142857142857143
DGRP_256	NA	0.13043478260869565	0.8478260869565217	0.021739130434782608	46	0.15217391304347827
DGRP_272	F	0.15789473684210525	0.7894736842105263	0.05263157894736842	19	0.21052631578947367
DGRP_272	M	0.07692307692307693	0.6923076923076923	0.23076923076923078	39	0.3076923076923077
DGRP_272	NA	0.15789473684210525	0.5263157894736842	0.3157894736842105	19	0.47368421052631576
DGRP_280	F	0.09523809523809523	0.8253968253968254	0.07936507936507936	63	0.1746031746031746
DGRP_280	M	0.0684931506849315	0.8356164383561644	0.0958904109589041	73	0.1643835616438356
DGRP_280	NA	0.057692307692307696	0.8461538461538461	0.09615384615384616	52	0.15384615384615385
DGRP_287	F	0.13636363636363635	0.7727272727272727	0.09090909090909091	66	0.22727272727272727
DGRP_287	M	0.17567567567567569	0.6216216216216216	0.20270270270270271	74	0.3783783783783784
DGRP_287	NA	0.49019607843137253	0.43137254901960786	0.0784313725490196	51	0.5686274509803921
DGRP_301	F	0.05263157894736842	0.6710526315789473	0.27631578947368424	76	0.32894736842105265
DGRP_301	M	0.06779661016949153	0.6440677966101694	0.288135593220339	59	0.3559322033898305
DGRP_301	NA	0.3142857142857143	0.4857142857142857	0.2	35	0.5142857142857142
DGRP_303	F	0.11594202898550725	0.7536231884057971	0.13043478260869565	69	0.24637681159420288
DGRP_303	M	0.1111111111111111	0.7777777777777778	0.1111111111111111	54	0.2222222222222222
DGRP_303	NA	0.5	0.38461538461538464	0.11538461538461539	52	0.6153846153846154
DGRP_304	F	0.17567567567567569	0.5135135135135135	0.3108108108108108	74	0.4864864864864865
DGRP_304	M	0.16071428571428573	0.6071428571428571	0.23214285714285715	56	0.3928571428571429
DGRP_304	NA	0.5714285714285714	0.34285714285714286	0.08571428571428572	35	0.6571428571428571
DGRP_306	F	0.20833333333333334	0.6666666666666666	0.125	72	0.33333333333333337
DGRP_306	M	0.14814814814814814	0.5925925925925926	0.25925925925925924	81	0.4074074074074074
DGRP_306	NA	0.35135135135135137	0.43243243243243246	0.21621621621621623	37	0.5675675675675675
DGRP_307	F	0.3188405797101449	0.5072463768115942	0.17391304347826086	69	0.49275362318840576
DGRP_307	M	0.14285714285714285	0.6190476190476191	0.23809523809523808	63	0.38095238095238093
DGRP_307	NA	0.22	0.7	0.08	50	0.3
DGRP_308	F	0.25	0.75	NA	4	0.25
DGRP_308	M	0.5	0.25	0.25	4	0.75
DGRP_309	F	0.16666666666666666	0.6805555555555556	0.1527777777777778	72	0.3194444444444444
DGRP_309	M	0.15789473684210525	0.7763157894736842	0.06578947368421052	76	0.22368421052631576
DGRP_309	NA	0.15384615384615385	0.7115384615384616	0.1346153846153846	52	0.28846153846153844
DGRP_310	F	0.18032786885245902	0.7540983606557377	0.06557377049180328	61	0.2459016393442623
DGRP_310	M	0.136986301369863	0.7808219178082192	0.0821917808219178	73	0.2191780821917808
DGRP_310	NA	0.25	0.7115384615384616	0.038461538461538464	52	0.28846153846153844
DGRP_313	F	0.11428571428571428	0.6	0.2857142857142857	70	0.39999999999999997
DGRP_313	M	0.125	0.6428571428571429	0.23214285714285715	56	0.35714285714285715
DGRP_313	NA	0.2222222222222222	0.6111111111111112	0.16666666666666666	54	0.38888888888888884
DGRP_315	F	0.17105263157894737	0.6052631578947368	0.2236842105263158	76	0.39473684210526316
DGRP_315	M	0.10843373493975904	0.6746987951807228	0.21686746987951808	83	0.3253012048192771
DGRP_315	NA	0.3076923076923077	0.46153846153846156	0.23076923076923078	52	0.5384615384615385
DGRP_317	F	0.10294117647058823	0.7794117647058824	0.11764705882352941	68	0.22058823529411764
DGRP_317	M	0.10416666666666667	0.7916666666666666	0.10416666666666667	48	0.20833333333333334
DGRP_317	NA	0.36538461538461536	0.5	0.1346153846153846	52	0.5
DGRP_318	F	0.16666666666666666	0.625	0.20833333333333334	72	0.375
DGRP_318	M	0.225	0.6875	0.0875	80	0.3125
DGRP_318	NA	0.019230769230769232	0.9615384615384616	0.019230769230769232	52	0.038461538461538464
DGRP_319	F	0.11363636363636363	0.6818181818181818	0.20454545454545456	44	0.3181818181818182
DGRP_319	M	0.10344827586206896	0.6206896551724138	0.27586206896551724	29	0.3793103448275862
DGRP_319	NA	NA	0.8571428571428571	0.14285714285714285	7	0.14285714285714285
DGRP_320	F	0.3076923076923077	0.4807692307692308	0.21153846153846154	52	0.5192307692307693
DGRP_320	M	0.2619047619047619	0.6666666666666666	0.07142857142857142	42	0.33333333333333337
DGRP_320	NA	0.07692307692307693	0.6923076923076923	0.23076923076923078	52	0.3076923076923077
DGRP_321	F	0.10526315789473684	0.8245614035087719	0.07017543859649122	57	0.17543859649122806
DGRP_321	M	0.13043478260869565	0.7391304347826086	0.13043478260869565	46	0.2608695652173913
DGRP_321	NA	0.1346153846153846	0.5192307692307693	0.34615384615384615	52	0.4807692307692307
DGRP_322	F	0.2	0.8	NA	5	0.2
DGRP_322	M	NA	1	NA	5	0
DGRP_323	F	NA	0.5	0.5	4	0.5
DGRP_323	M	NA	0.75	0.25	4	0.25
DGRP_324	F	0.21052631578947367	0.6710526315789473	0.11842105263157894	76	0.3289473684210526
DGRP_324	M	0.13253012048192772	0.6987951807228916	0.1686746987951807	83	0.3012048192771084
DGRP_324	NA	0.36538461538461536	0.5	0.1346153846153846	52	0.5
DGRP_325	F	0.3684210526315789	0.5614035087719298	0.07017543859649122	57	0.43859649122807015
DGRP_325	M	0.23943661971830985	0.6338028169014085	0.1267605633802817	71	0.3661971830985915
DGRP_325	NA	0.3333333333333333	0.6	0.06666666666666667	30	0.39999999999999997
DGRP_331	F	NA	0.8	0.2	5	0.2
DGRP_331	M	NA	1	NA	5	0
DGRP_332	F	0.15942028985507245	0.7391304347826086	0.10144927536231885	69	0.2608695652173913
DGRP_332	M	0.16883116883116883	0.7532467532467533	0.07792207792207792	77	0.24675324675324675
DGRP_332	NA	0.21153846153846154	0.6346153846153846	0.15384615384615385	52	0.3653846153846154
DGRP_335	F	0.2894736842105263	0.5921052631578947	0.11842105263157894	76	0.40789473684210525
DGRP_335	M	0.4	0.4727272727272727	0.12727272727272726	55	0.5272727272727273
DGRP_335	NA	0.3076923076923077	0.4807692307692308	0.21153846153846154	52	0.5192307692307693
DGRP_336	F	0.15254237288135594	0.7457627118644068	0.1016949152542373	59	0.2542372881355932
DGRP_336	M	0.1267605633802817	0.7605633802816901	0.11267605633802817	71	0.23943661971830987
DGRP_336	NA	0.2894736842105263	0.5789473684210527	0.13157894736842105	38	0.42105263157894735
DGRP_338	F	0.08450704225352113	0.7323943661971831	0.18309859154929578	71	0.2676056338028169
DGRP_338	M	0.10256410256410256	0.7307692307692307	0.16666666666666666	78	0.2692307692307692
DGRP_338	NA	0.3269230769230769	0.4807692307692308	0.19230769230769232	52	0.5192307692307693
DGRP_340	F	0.18867924528301888	0.7358490566037735	0.07547169811320754	53	0.2641509433962264
DGRP_340	M	0.21212121212121213	0.6666666666666666	0.12121212121212122	33	0.33333333333333337
DGRP_340	NA	0.2857142857142857	0.5238095238095238	0.19047619047619047	21	0.47619047619047616
DGRP_346	F	NA	1	NA	5	0
DGRP_346	M	NA	1	NA	5	0
DGRP_348	F	0.3333333333333333	0.6666666666666666	NA	21	0.3333333333333333
DGRP_348	M	0.16666666666666666	0.7777777777777778	0.05555555555555555	18	0.2222222222222222
DGRP_348	NA	0.42857142857142855	0.5714285714285714	NA	7	0.42857142857142855
DGRP_350	F	0.056338028169014086	0.6619718309859155	0.28169014084507044	71	0.3380281690140845
DGRP_350	M	0.16455696202531644	0.5822784810126582	0.25316455696202533	79	0.4177215189873418
DGRP_350	NA	0.24390243902439024	0.6829268292682927	0.07317073170731707	41	0.3170731707317073
DGRP_352	F	0.208955223880597	0.7164179104477612	0.07462686567164178	67	0.2835820895522388
DGRP_352	M	0.4	0.4266666666666667	0.17333333333333334	75	0.5733333333333334
DGRP_352	NA	0.19230769230769232	0.5384615384615384	0.2692307692307692	52	0.46153846153846156
DGRP_353	F	NA	1	NA	4	0
DGRP_353	M	0.25	0.75	NA	4	0.25
DGRP_354	F	0.04	0.92	0.04	25	0.08
DGRP_354	M	0.045454545454545456	0.8636363636363636	0.09090909090909091	22	0.13636363636363635
DGRP_354	NA	0.14285714285714285	0.8571428571428571	NA	7	0.14285714285714285
DGRP_355	F	0.10526315789473684	0.8947368421052632	NA	19	0.10526315789473684
DGRP_355	M	0.1875	0.8125	NA	16	0.1875
DGRP_355	NA	NA	1	NA	2	0
DGRP_356	F	0.25	0.5735294117647058	0.17647058823529413	68	0.42647058823529416
DGRP_356	M	0.16	0.6933333333333334	0.14666666666666667	75	0.30666666666666664
DGRP_356	NA	0.15384615384615385	0.5	0.34615384615384615	52	0.5
DGRP_357	F	0.2191780821917808	0.6164383561643836	0.1643835616438356	73	0.3835616438356164
DGRP_357	M	0.15294117647058825	0.6235294117647059	0.2235294117647059	85	0.3764705882352941
DGRP_357	NA	0.10714285714285714	0.6964285714285714	0.19642857142857142	56	0.30357142857142855
DGRP_358	F	0.10666666666666667	0.6266666666666667	0.26666666666666666	75	0.37333333333333335
DGRP_358	M	0.16666666666666666	0.5357142857142857	0.2976190476190476	84	0.4642857142857143
DGRP_358	NA	0.16071428571428573	0.7321428571428571	0.10714285714285714	56	0.26785714285714285
DGRP_359	F	0.08571428571428572	0.6428571428571429	0.2714285714285714	70	0.3571428571428571
DGRP_359	M	0.07792207792207792	0.7402597402597403	0.18181818181818182	77	0.2597402597402597
DGRP_359	NA	0.23076923076923078	0.6538461538461539	0.11538461538461539	52	0.34615384615384615
DGRP_360	F	0.2857142857142857	0.6493506493506493	0.06493506493506493	77	0.35064935064935066
DGRP_360	M	0.20238095238095238	0.6904761904761905	0.10714285714285714	84	0.30952380952380953
DGRP_360	NA	0.3076923076923077	0.25	0.4423076923076923	52	0.75
DGRP_361	F	0.13333333333333333	0.8	0.06666666666666667	60	0.2
DGRP_361	M	0.14634146341463414	0.7560975609756098	0.0975609756097561	41	0.24390243902439024
DGRP_361	NA	0.3333333333333333	0.5238095238095238	0.14285714285714285	21	0.47619047619047616
DGRP_362	F	0.0821917808219178	0.6712328767123288	0.2465753424657534	73	0.3287671232876712
DGRP_362	M	0.10714285714285714	0.6547619047619048	0.23809523809523808	84	0.34523809523809523
DGRP_362	NA	0.44642857142857145	0.44642857142857145	0.10714285714285714	56	0.5535714285714286
DGRP_365	F	0.15	0.725	0.125	80	0.275
DGRP_365	M	0.22093023255813954	0.6511627906976745	0.12790697674418605	86	0.3488372093023256
DGRP_365	NA	0.125	0.7321428571428571	0.14285714285714285	56	0.26785714285714285
DGRP_367	F	0.14285714285714285	0.7142857142857143	0.14285714285714285	63	0.2857142857142857
DGRP_367	M	0.2328767123287671	0.6712328767123288	0.0958904109589041	73	0.3287671232876712
DGRP_367	NA	0.21153846153846154	0.6730769230769231	0.11538461538461539	52	0.3269230769230769
DGRP_369	F	NA	0.75	0.25	4	0.25
DGRP_369	M	NA	0.75	0.25	4	0.25
DGRP_370	F	0.0821917808219178	0.863013698630137	0.0547945205479452	73	0.136986301369863
DGRP_370	M	0.1728395061728395	0.7037037037037037	0.12345679012345678	81	0.2962962962962963
DGRP_370	NA	0.09615384615384616	0.7115384615384616	0.19230769230769232	52	0.2884615384615385
DGRP_371	F	0.2903225806451613	0.5967741935483871	0.11290322580645161	62	0.40322580645161293
DGRP_371	M	0.1111111111111111	0.7555555555555555	0.13333333333333333	45	0.24444444444444444
DGRP_371	NA	0.4423076923076923	0.4423076923076923	0.11538461538461539	52	0.5576923076923077
DGRP_373	F	0.0958904109589041	0.7123287671232876	0.1917808219178082	73	0.2876712328767123
DGRP_373	M	0.08860759493670886	0.7088607594936709	0.20253164556962025	79	0.2911392405063291
DGRP_373	NA	0.02127659574468085	0.7446808510638298	0.23404255319148937	47	0.2553191489361702
DGRP_374	F	0.18571428571428572	0.6285714285714286	0.18571428571428572	70	0.37142857142857144
DGRP_374	M	0.17567567567567569	0.6891891891891891	0.13513513513513514	74	0.31081081081081086
DGRP_374	NA	0.19230769230769232	0.7307692307692307	0.07692307692307693	52	0.2692307692307693
DGRP_375	F	0.08823529411764706	0.5588235294117647	0.35294117647058826	68	0.44117647058823534
DGRP_375	M	0.10714285714285714	0.6666666666666666	0.2261904761904762	84	0.3333333333333333
DGRP_375	NA	0.05454545454545454	0.45454545454545453	0.4909090909090909	55	0.5454545454545454
DGRP_377	F	0.07246376811594203	0.6376811594202898	0.2898550724637681	69	0.36231884057971014
DGRP_377	M	0.09333333333333334	0.6933333333333334	0.21333333333333335	75	0.3066666666666667
DGRP_377	NA	0.15384615384615385	0.5192307692307693	0.3269230769230769	52	0.4807692307692308
DGRP_378	F	0.037037037037037035	0.7407407407407407	0.2222222222222222	27	0.25925925925925924
DGRP_378	M	0.07317073170731707	0.7317073170731707	0.1951219512195122	41	0.2682926829268293
DGRP_378	NA	0.043478260869565216	0.43478260869565216	0.5217391304347826	23	0.5652173913043478
DGRP_379	F	0.1	0.575	0.325	80	0.42500000000000004
DGRP_379	M	0.2558139534883721	0.5697674418604651	0.1744186046511628	86	0.43023255813953487
DGRP_379	NA	0.35714285714285715	0.5714285714285714	0.07142857142857142	56	0.4285714285714286
DGRP_380	F	0.1794871794871795	0.6538461538461539	0.16666666666666666	78	0.34615384615384615
DGRP_380	M	0.32142857142857145	0.5833333333333334	0.09523809523809523	84	0.4166666666666667
DGRP_380	NA	0.017857142857142856	0.5892857142857143	0.39285714285714285	56	0.4107142857142857
DGRP_381	F	0.21212121212121213	0.7575757575757576	0.030303030303030304	66	0.24242424242424243
DGRP_381	M	0.1506849315068493	0.7397260273972602	0.1095890410958904	73	0.2602739726027397
DGRP_381	NA	0.19230769230769232	0.5961538461538461	0.21153846153846154	52	0.40384615384615385
DGRP_382	F	0.36363636363636365	0.4909090909090909	0.14545454545454545	55	0.509090909090909
DGRP_382	M	0.16666666666666666	0.75	0.08333333333333333	36	0.25
DGRP_382	NA	0.047619047619047616	0.8571428571428571	0.09523809523809523	21	0.14285714285714285
DGRP_383	F	0.1	0.8571428571428571	0.04285714285714286	70	0.14285714285714285
DGRP_383	M	0.0875	0.8125	0.1	80	0.1875
DGRP_383	NA	0.1276595744680851	0.7659574468085106	0.10638297872340426	47	0.23404255319148937
DGRP_385	F	0.2222222222222222	0.7407407407407407	0.037037037037037035	54	0.25925925925925924
DGRP_385	M	0.05555555555555555	0.75	0.19444444444444445	36	0.25
DGRP_385	NA	NA	0.5714285714285714	0.42857142857142855	21	0.42857142857142855
DGRP_386	F	0.18571428571428572	0.5	0.3142857142857143	70	0.5
DGRP_386	M	0.2033898305084746	0.6610169491525424	0.13559322033898305	59	0.3389830508474576
DGRP_386	NA	0.4375	0.5416666666666666	0.020833333333333332	48	0.4583333333333333
DGRP_387	F	0.043478260869565216	0.8260869565217391	0.13043478260869565	23	0.17391304347826086
DGRP_387	M	NA	0.625	0.375	8	0.375
DGRP_387	NA	NA	0.5	0.5	2	0.5
DGRP_390	F	0.2608695652173913	0.5652173913043478	0.17391304347826086	23	0.43478260869565216
DGRP_390	M	0.17391304347826086	0.6086956521739131	0.21739130434782608	23	0.3913043478260869
DGRP_390	NA	NA	1	NA	7	0
DGRP_391	F	0.09333333333333334	0.7066666666666667	0.2	75	0.29333333333333333
DGRP_391	M	0.16666666666666666	0.7142857142857143	0.11904761904761904	84	0.2857142857142857
DGRP_391	NA	0.017857142857142856	0.5714285714285714	0.4107142857142857	56	0.42857142857142855
DGRP_392	F	0.08695652173913043	0.7971014492753623	0.11594202898550725	69	0.2028985507246377
DGRP_392	M	0.25333333333333335	0.5866666666666667	0.16	75	0.41333333333333333
DGRP_392	NA	0.15384615384615385	0.5769230769230769	0.2692307692307692	52	0.4230769230769231
DGRP_393	F	NA	0.75	0.25	12	0.25
DGRP_393	M	0.07142857142857142	0.75	0.17857142857142858	28	0.25
DGRP_393	NA	0.11764705882352941	0.7058823529411765	0.17647058823529413	17	0.29411764705882354
DGRP_395	F	0.14285714285714285	0.8095238095238095	0.047619047619047616	21	0.19047619047619047
DGRP_395	M	0.16666666666666666	0.7777777777777778	0.05555555555555555	18	0.2222222222222222
DGRP_395	NA	NA	1	NA	7	0
DGRP_397	F	0.21739130434782608	0.43478260869565216	0.34782608695652173	23	0.5652173913043478
DGRP_397	M	0.34782608695652173	0.5652173913043478	0.08695652173913043	23	0.43478260869565216
DGRP_397	NA	0.42857142857142855	0.42857142857142855	0.14285714285714285	7	0.5714285714285714
DGRP_398	F	0.15789473684210525	0.7894736842105263	0.05263157894736842	19	0.21052631578947367
DGRP_398	M	0.08108108108108109	0.7027027027027027	0.21621621621621623	37	0.2972972972972973
DGRP_398	NA	0.15789473684210525	0.7368421052631579	0.10526315789473684	19	0.2631578947368421
DGRP_399	F	0.21333333333333335	0.6133333333333333	0.17333333333333334	75	0.3866666666666667
DGRP_399	M	0.16470588235294117	0.611764705882353	0.2235294117647059	85	0.38823529411764707
DGRP_399	NA	0.0392156862745098	0.8431372549019608	0.11764705882352941	51	0.1568627450980392
DGRP_405	F	0.11320754716981132	0.71698113207547165	0.16981132075471697	53	0.2830188679245283
DGRP_405	M	0.14285714285714285	0.7380952380952381	0.11904761904761904	42	0.26190476190476186
DGRP_405	NA	0.23076923076923078	0.46153846153846156	0.3076923076923077	52	0.5384615384615385
DGRP_406	F	0.19642857142857142	0.6785714285714286	0.125	56	0.3214285714285714
DGRP_406	M	0.17777777777777778	0.6666666666666666	0.15555555555555556	45	0.33333333333333337
DGRP_406	NA	0.2692307692307692	0.5384615384615384	0.19230769230769232	52	0.46153846153846156
DGRP_409	F	0.3230769230769231	0.5846153846153846	0.09230769230769231	65	0.4153846153846154
DGRP_409	M	0.34782608695652173	0.5869565217391305	0.06521739130434782	46	0.41304347826086957
DGRP_409	NA	0.425531914893617	0.46808510638297873	0.10638297872340426	47	0.5319148936170213
DGRP_424	NA	0.18181818181818182	0.8181818181818182	NA	11	0.18181818181818182
DGRP_426	F	0.2537313432835821	0.6865671641791045	0.05970149253731343	67	0.31343283582089554
DGRP_426	M	0.16901408450704225	0.704225352112676	0.1267605633802817	71	0.29577464788732394
DGRP_426	NA	0.09615384615384616	0.7115384615384616	0.19230769230769232	52	0.2884615384615385
DGRP_427	F	0.19230769230769232	0.6794871794871795	0.1282051282051282	78	0.3205128205128205
DGRP_427	M	0.13414634146341464	0.7439024390243902	0.12195121951219512	82	0.25609756097560976
DGRP_427	NA	0.08888888888888889	0.6444444444444445	0.26666666666666666	45	0.35555555555555557
DGRP_437	F	0.1125	0.7625	0.125	80	0.2375
DGRP_437	M	0.1511627906976744	0.6976744186046512	0.1511627906976744	86	0.3023255813953488
DGRP_437	NA	0.08928571428571429	0.6607142857142857	0.25	56	0.3392857142857143
DGRP_439	F	0.17391304347826086	0.7391304347826086	0.08695652173913043	46	0.2608695652173913
DGRP_439	M	0.1951219512195122	0.7560975609756098	0.04878048780487805	41	0.24390243902439024
DGRP_439	NA	0.22916666666666666	0.6875	0.08333333333333333	48	0.3125
DGRP_440	F	0.08	0.6933333333333334	0.22666666666666666	75	0.30666666666666664
DGRP_440	M	0.09876543209876543	0.7654320987654321	0.13580246913580246	81	0.2345679012345679
DGRP_440	NA	0.038461538461538464	0.6923076923076923	0.2692307692307692	52	0.3076923076923077
DGRP_441	F	0.11764705882352941	0.75	0.1323529411764706	68	0.25
DGRP_441	M	0.1111111111111111	0.7361111111111112	0.1527777777777778	72	0.2638888888888889
DGRP_441	NA	0.07692307692307693	0.8076923076923077	0.11538461538461539	52	0.19230769230769232
DGRP_443	F	0.06666666666666667	0.8133333333333334	0.12	75	0.18666666666666665
DGRP_443	M	0.1728395061728395	0.6419753086419753	0.18518518518518517	81	0.35802469135802467
DGRP_443	NA	0.09615384615384616	0.5192307692307693	0.38461538461538464	52	0.4807692307692308
DGRP_449	F	0.2	0.4	0.4	5	0.6000000000000001
DGRP_449	M	0.4	NA	0.6	5	1
DGRP_461	F	0.45454545454545453	0.5454545454545454	NA	66	0.45454545454545453
DGRP_461	M	0.3561643835616438	0.6164383561643836	0.0273972602739726	73	0.3835616438356164
DGRP_461	NA	0.2558139534883721	0.4883720930232558	0.2558139534883721	43	0.5116279069767442
DGRP_476	F	0.2631578947368421	0.7368421052631579	NA	19	0.2631578947368421
DGRP_476	M	0.125	0.875	NA	8	0.125
DGRP_476	NA	NA	1	NA	2	0
DGRP_486	F	0.19736842105263158	0.6842105263157895	0.11842105263157894	76	0.3157894736842105
DGRP_486	M	0.24691358024691357	0.6172839506172839	0.13580246913580246	81	0.38271604938271603
DGRP_486	NA	0.44	0.4	0.16	50	0.6
DGRP_491	F	0.16176470588235295	0.6764705882352942	0.16176470588235295	68	0.3235294117647059
DGRP_491	M	0.1780821917808219	0.6438356164383562	0.1780821917808219	73	0.3561643835616438
DGRP_491	NA	0.15384615384615385	0.75	0.09615384615384616	52	0.25
DGRP_492	F	0.2647058823529412	0.6470588235294118	0.08823529411764706	68	0.35294117647058826
DGRP_492	M	0.2236842105263158	0.618421052631579	0.15789473684210525	76	0.381578947368421
DGRP_492	NA	0.058823529411764705	0.8529411764705882	0.08823529411764706	34	0.14705882352941177
DGRP_502	F	0.17391304347826086	0.5942028985507246	0.2318840579710145	69	0.4057971014492754
DGRP_502	M	0.1891891891891892	0.7162162162162162	0.0945945945945946	74	0.28378378378378377
DGRP_502	NA	0.15384615384615385	0.6923076923076923	0.15384615384615385	52	0.3076923076923077
DGRP_505	F	0.14285714285714285	0.8571428571428571	NA	21	0.14285714285714285
DGRP_505	M	0.16666666666666666	0.8333333333333334	NA	18	0.16666666666666666
DGRP_505	NA	NA	1	NA	2	0
DGRP_508	F	0.208955223880597	0.6716417910447762	0.11940298507462686	67	0.3283582089552239
DGRP_508	M	0.24324324324324326	0.6081081081081081	0.14864864864864866	74	0.3918918918918919
DGRP_508	NA	0.11538461538461539	0.7692307692307693	0.11538461538461539	52	0.23076923076923078
DGRP_509	F	0.16666666666666666	0.7037037037037037	0.12962962962962962	54	0.2962962962962963
DGRP_509	M	0.15942028985507245	0.7101449275362319	0.13043478260869565	69	0.28985507246376807
DGRP_509	NA	0.057692307692307696	0.7115384615384616	0.23076923076923078	52	0.2884615384615385
DGRP_513	F	0.22641509433962265	0.7358490566037735	0.03773584905660377	53	0.2641509433962264
DGRP_513	M	0.19047619047619047	0.7380952380952381	0.07142857142857142	42	0.26190476190476186
DGRP_513	NA	0.2127659574468085	0.6595744680851063	0.1276595744680851	47	0.3404255319148936
DGRP_514	F	0.08	0.6	0.32	25	0.4
DGRP_514	M	0.0975609756097561	0.5365853658536586	0.36585365853658536	41	0.46341463414634143
DGRP_514	NA	0.1	0.8	0.1	20	0.2
DGRP_517	F	0.1891891891891892	0.6891891891891891	0.12162162162162163	74	0.31081081081081086
DGRP_517	M	0.2413793103448276	0.6551724137931034	0.10344827586206896	87	0.3448275862068966
DGRP_517	NA	0.038461538461538464	0.4230769230769231	0.5384615384615384	52	0.5769230769230769
DGRP_521	NA	NA	NA	1	1	1
DGRP_525	F	NA	0.75	0.25	4	0.25
DGRP_525	M	NA	0.5	0.5	4	0.5
DGRP_528	F	0.04	0.88	0.08	25	0.12
DGRP_528	M	NA	1	NA	22	0
DGRP_528	NA	NA	0.8571428571428571	0.14285714285714285	7	0.14285714285714285
DGRP_530	F	0.09302325581395349	0.8372093023255814	0.06976744186046512	43	0.16279069767441862
DGRP_530	M	0.06060606060606061	0.7575757575757576	0.18181818181818182	33	0.24242424242424243
DGRP_530	NA	0.14285714285714285	0.7142857142857143	0.14285714285714285	21	0.2857142857142857
DGRP_531	F	0.08333333333333333	0.75	0.16666666666666666	48	0.25
DGRP_531	M	0.16666666666666666	0.7142857142857143	0.11904761904761904	42	0.2857142857142857
DGRP_531	NA	0.17647058823529413	0.5882352941176471	0.23529411764705882	51	0.4117647058823529
DGRP_535	F	0.09859154929577464	0.7605633802816901	0.14084507042253522	71	0.23943661971830987
DGRP_535	M	0.11538461538461539	0.8076923076923077	0.07692307692307693	78	0.19230769230769232
DGRP_535	NA	0.09615384615384616	0.7884615384615384	0.11538461538461539	52	0.21153846153846156
DGRP_551	F	0.05	0.9	0.05	20	0.1
DGRP_551	M	0.058823529411764705	0.9411764705882353	NA	17	0.058823529411764705
DGRP_551	NA	0.14285714285714285	0.5714285714285714	0.2857142857142857	7	0.42857142857142855
DGRP_554	F	0.08695652173913043	0.7391304347826086	0.17391304347826086	23	0.2608695652173913
DGRP_554	M	0.13513513513513514	0.5945945945945946	0.2702702702702703	37	0.40540540540540543
DGRP_554	NA	0.05263157894736842	0.8947368421052632	0.05263157894736842	19	0.10526315789473684
DGRP_555	F	0.11392405063291139	0.7721518987341772	0.11392405063291139	79	0.22784810126582278
DGRP_555	M	0.17647058823529413	0.6705882352941176	0.15294117647058825	85	0.3294117647058824
DGRP_555	NA	0.14285714285714285	0.7142857142857143	0.14285714285714285	56	0.2857142857142857
DGRP_556	F	0.0625	0.875	0.0625	16	0.125
DGRP_556	M	0.25	0.5	0.25	4	0.5
DGRP_559	F	0.15	0.85	NA	20	0.15
DGRP_559	M	0.35294117647058826	0.6470588235294118	NA	17	0.35294117647058826
DGRP_559	NA	NA	0.7142857142857143	0.2857142857142857	7	0.2857142857142857
DGRP_563	F	0.14754098360655737	0.639344262295082	0.21311475409836064	61	0.360655737704918
DGRP_563	M	0.18666666666666668	0.6133333333333333	0.2	75	0.3866666666666667
DGRP_563	NA	0.019230769230769232	0.8269230769230769	0.15384615384615385	52	0.17307692307692307
DGRP_565	F	NA	0.75	0.25	4	0.25
DGRP_565	M	NA	1	NA	4	0
DGRP_566	F	0.07692307692307693	0.7307692307692307	0.19230769230769232	26	0.2692307692307693
DGRP_566	M	0.08695652173913043	0.6956521739130435	0.21739130434782608	23	0.30434782608695654
DGRP_566	NA	0.2857142857142857	0.42857142857142855	0.2857142857142857	7	0.5714285714285714
DGRP_584	F	0.25862068965517243	0.5689655172413793	0.1724137931034483	58	0.4310344827586207
DGRP_584	M	0.1388888888888889	0.5833333333333334	0.2777777777777778	36	0.4166666666666667
DGRP_584	NA	0.2857142857142857	0.5714285714285714	0.14285714285714285	21	0.42857142857142855
DGRP_589	F	0.0945945945945946	0.7432432432432432	0.16216216216216217	74	0.2567567567567568
DGRP_589	M	0.09876543209876543	0.7283950617283951	0.1728395061728395	81	0.2716049382716049
DGRP_589	NA	0.23076923076923078	0.7115384615384616	0.057692307692307696	52	0.2884615384615385
DGRP_591	F	0.07142857142857142	0.7857142857142857	0.14285714285714285	14	0.21428571428571427
DGRP_591	M	0.6666666666666666	0.3333333333333333	NA	3	0.6666666666666666
DGRP_591	NA	0.0967741935483871	0.8709677419354839	0.03225806451612903	31	0.12903225806451613
DGRP_595	F	0.1044776119402985	0.7611940298507462	0.13432835820895522	67	0.23880597014925373
DGRP_595	M	0.16216216216216217	0.7432432432432432	0.0945945945945946	74	0.2567567567567568
DGRP_595	NA	0.21153846153846154	0.6730769230769231	0.11538461538461539	52	0.3269230769230769
DGRP_596	F	0.2631578947368421	0.5789473684210527	0.15789473684210525	19	0.42105263157894735
DGRP_596	M	0.1875	0.75	0.0625	16	0.25
DGRP_596	NA	NA	1	NA	2	0
DGRP_613	F	NA	0.5	0.5	4	0.5
DGRP_613	M	NA	1	NA	4	0
DGRP_627	F	0.07692307692307693	0.8846153846153846	0.038461538461538464	26	0.11538461538461539
DGRP_627	M	0.17391304347826086	0.6521739130434783	0.17391304347826086	23	0.34782608695652173
DGRP_627	NA	NA	0.7142857142857143	0.2857142857142857	7	0.2857142857142857
DGRP_630	F	0.1	0.75	0.15	20	0.25
DGRP_630	M	0.058823529411764705	0.8235294117647058	0.11764705882352941	17	0.1764705882352941
DGRP_630	NA	0.14285714285714285	0.14285714285714285	0.7142857142857143	7	0.8571428571428572
DGRP_634	F	0.15	0.65	0.2	20	0.35
DGRP_634	M	0.17647058823529413	0.7647058823529411	0.058823529411764705	17	0.23529411764705882
DGRP_634	NA	NA	1	NA	7	0
DGRP_639	F	0.1506849315068493	0.7397260273972602	0.1095890410958904	73	0.2602739726027397
DGRP_639	M	0.21176470588235294	0.7176470588235294	0.07058823529411765	85	0.2823529411764706
DGRP_639	NA	0.10909090909090909	0.8363636363636363	0.05454545454545454	55	0.16363636363636364
DGRP_642	F	0.11940298507462686	0.7611940298507462	0.11940298507462686	67	0.23880597014925373
DGRP_642	M	0.1780821917808219	0.6301369863013698	0.1917808219178082	73	0.3698630136986301
DGRP_642	NA	0.038461538461538464	0.8076923076923077	0.15384615384615385	52	0.19230769230769232
DGRP_646	F	0.25	0.6166666666666667	0.13333333333333333	60	0.3833333333333333
DGRP_646	M	0.19718309859154928	0.676056338028169	0.1267605633802817	71	0.323943661971831
DGRP_646	NA	0.425531914893617	0.46808510638297873	0.10638297872340426	47	0.5319148936170213
DGRP_663	F	NA	0.8	0.2	5	0.2
DGRP_663	M	NA	1	NA	5	0
DGRP_672	F	0.4	0.6	NA	5	0.4
DGRP_672	M	0.4	0.6	NA	5	0.4
DGRP_679	F	0.5	0.5	NA	4	0.5
DGRP_679	M	0.25	0.75	NA	4	0.25
DGRP_702	F	NA	1	NA	5	0
DGRP_702	M	NA	1	NA	5	0
DGRP_703	F	0.2	0.7285714285714285	0.07142857142857142	70	0.27142857142857146
DGRP_703	M	0.15384615384615385	0.8205128205128205	0.02564102564102564	78	0.1794871794871795
DGRP_703	NA	0.1276595744680851	0.7446808510638298	0.1276595744680851	47	0.2553191489361702
DGRP_705	F	0.24285714285714285	0.5285714285714286	0.22857142857142856	70	0.4714285714285714
DGRP_705	M	0.08928571428571429	0.5892857142857143	0.32142857142857145	56	0.41071428571428575
DGRP_705	NA	0.08928571428571429	0.6964285714285714	0.21428571428571427	56	0.30357142857142855
DGRP_707	F	0.10810810810810811	0.6756756756756757	0.21621621621621623	74	0.32432432432432434
DGRP_707	M	0.08333333333333333	0.7142857142857143	0.20238095238095238	84	0.2857142857142857
DGRP_707	NA	0.23529411764705882	0.6470588235294118	0.11764705882352941	51	0.3529411764705882
DGRP_712	F	0.1891891891891892	0.7162162162162162	0.0945945945945946	74	0.28378378378378377
DGRP_712	M	0.15853658536585366	0.6951219512195121	0.14634146341463414	82	0.3048780487804878
DGRP_712	NA	0.08928571428571429	0.8035714285714286	0.10714285714285714	56	0.19642857142857142
DGRP_713	F	0.2	0.8	NA	5	0.2
DGRP_713	M	0.2	0.8	NA	5	0.2
DGRP_714	F	0.12658227848101267	0.6708860759493671	0.20253164556962025	79	0.3291139240506329
DGRP_714	M	0.2261904761904762	0.6190476190476191	0.15476190476190477	84	0.38095238095238093
DGRP_714	NA	0.09803921568627451	0.6274509803921569	0.27450980392156865	51	0.37254901960784315
DGRP_716	F	0.057971014492753624	0.7101449275362319	0.2318840579710145	69	0.2898550724637681
DGRP_716	M	0.12987012987012986	0.6883116883116883	0.18181818181818182	77	0.3116883116883117
DGRP_716	NA	0.21153846153846154	0.6730769230769231	0.11538461538461539	52	0.3269230769230769
DGRP_719	F	NA	0.5	0.5	4	0.5
DGRP_719	M	NA	1	NA	4	0
DGRP_721	F	0.1527777777777778	0.7083333333333334	0.1388888888888889	72	0.2916666666666667
DGRP_721	M	0.06329113924050633	0.7215189873417721	0.21518987341772153	79	0.2784810126582279
DGRP_721	NA	0.057692307692307696	0.8846153846153846	0.057692307692307696	52	0.11538461538461539
DGRP_724	F	NA	0.75	0.25	4	0.25
DGRP_724	M	NA	1	NA	4	0
DGRP_727	F	0.2571428571428571	0.6428571428571429	0.1	70	0.3571428571428571
DGRP_727	M	0.1694915254237288	0.6949152542372882	0.13559322033898305	59	0.30508474576271183
DGRP_727	NA	0.02564102564102564	0.48717948717948717	0.48717948717948717	39	0.5128205128205128
DGRP_730	F	0.14666666666666667	0.6666666666666666	0.18666666666666668	75	0.33333333333333337
DGRP_730	M	0.1511627906976744	0.6744186046511628	0.1744186046511628	86	0.32558139534883723
DGRP_730	NA	0.3269230769230769	0.4230769230769231	0.25	52	0.5769230769230769
DGRP_732	F	0.18181818181818182	0.5844155844155844	0.23376623376623376	77	0.4155844155844156
DGRP_732	M	0.27058823529411763	0.6	0.12941176470588237	85	0.4
DGRP_732	NA	0.125	0.75	0.125	56	0.25
DGRP_734	F	0.2	0.6	0.2	5	0.4
DGRP_734	M	NA	0.8	0.2	5	0.2
DGRP_735	F	0.2	0.4	0.4	5	0.6000000000000001
DGRP_735	M	0.4	0.2	0.4	5	0.8
DGRP_736	F	NA	0.6	0.4	5	0.4
DGRP_736	M	NA	0.2	0.8	5	0.8
DGRP_737	F	0.02857142857142857	0.8	0.17142857142857143	70	0.2
DGRP_737	M	0.1111111111111111	0.7160493827160493	0.1728395061728395	81	0.2839506172839506
DGRP_737	NA	0.1276595744680851	0.574468085106383	0.2978723404255319	47	0.42553191489361697
DGRP_738	F	0.125	0.75	0.125	72	0.25
DGRP_738	M	0.17721518987341772	0.7088607594936709	0.11392405063291139	79	0.2911392405063291
DGRP_738	NA	0.09615384615384616	0.4230769230769231	0.4807692307692308	52	0.576923076923077
DGRP_739	F	0.2	0.8	NA	5	0.2
DGRP_739	M	NA	0.4	0.6	5	0.6
DGRP_740	F	NA	1	NA	5	0
DGRP_740	M	0.2	0.8	NA	5	0.2
DGRP_744	F	0.2	0.8	NA	5	0.2
DGRP_744	M	0.2	0.8	NA	5	0.2
DGRP_748	F	0.03278688524590164	0.8032786885245902	0.16393442622950818	61	0.19672131147540983
DGRP_748	M	0.1	0.75	0.15	40	0.25
DGRP_748	NA	0.42857142857142855	0.5238095238095238	0.047619047619047616	21	0.47619047619047616
DGRP_750	F	0.05555555555555555	0.5	0.4444444444444444	18	0.5
DGRP_750	M	NA	1	NA	4	0
DGRP_751	F	0.2	0.6	0.2	5	0.4
DGRP_751	M	0.2	0.8	NA	5	0.2
DGRP_752	F	0.6	0.4	NA	5	0.6
DGRP_752	M	0.4	0.6	NA	5	0.4
DGRP_753	F	NA	1	NA	4	0
DGRP_753	M	0.5	0.5	NA	4	0.5
DGRP_754	F	NA	0.5	0.5	4	0.5
DGRP_754	M	NA	1	NA	4	0
DGRP_756	F	NA	1	NA	4	0
DGRP_756	M	NA	1	NA	4	0
DGRP_757	F	0.4666666666666667	0.38333333333333336	0.15	60	0.6166666666666667
DGRP_757	M	0.2765957446808511	0.5957446808510638	0.1276595744680851	47	0.4042553191489362
DGRP_757	NA	0.022222222222222223	0.5777777777777777	0.4	45	0.4222222222222222
DGRP_759	F	0.4	NA	0.6	5	1
DGRP_759	M	0.4	0.6	NA	5	0.4
DGRP_761	F	0.2054794520547945	0.6712328767123288	0.1232876712328767	73	0.3287671232876712
DGRP_761	M	0.19230769230769232	0.6538461538461539	0.15384615384615385	78	0.34615384615384615
DGRP_761	NA	0.038461538461538464	0.6923076923076923	0.2692307692307692	52	0.3076923076923077
DGRP_762	F	NA	1	NA	5	0
DGRP_762	M	0.2	0.8	NA	5	0.2
DGRP_763	F	NA	1	NA	5	0
DGRP_763	M	0.2	0.8	NA	5	0.2
DGRP_765	F	0.3055555555555556	0.5694444444444444	0.125	72	0.4305555555555556
DGRP_765	M	0.38095238095238093	0.47619047619047616	0.14285714285714285	84	0.5238095238095237
DGRP_765	NA	0.125	0.8392857142857143	0.03571428571428571	56	0.1607142857142857
DGRP_766	NA	0.36363636363636365	0.5454545454545454	0.09090909090909091	11	0.4545454545454546
DGRP_767	F	0.2	0.6	0.2	5	0.4
DGRP_767	M	0.6	0.4	NA	5	0.6
DGRP_768	F	NA	0.75	0.25	4	0.25
DGRP_768	M	NA	1	NA	4	0
DGRP_769	F	0.5	0.5	NA	4	0.5
DGRP_769	M	0.25	0.75	NA	4	0.25
DGRP_770	F	NA	1	NA	5	0
DGRP_770	M	NA	0.8	0.2	5	0.2
DGRP_771	F	0.15384615384615385	0.5384615384615384	0.3076923076923077	13	0.46153846153846156
DGRP_773	F	0.2	0.6	0.2	5	0.4
DGRP_773	M	NA	1	NA	5	0
DGRP_774	F	0.15384615384615385	0.5769230769230769	0.2692307692307692	78	0.4230769230769231
DGRP_774	M	0.18604651162790697	0.5813953488372093	0.23255813953488372	86	0.41860465116279066
DGRP_774	NA	0.16071428571428573	0.5	0.3392857142857143	56	0.5
DGRP_775	F	0.2	0.8	NA	5	0.2
DGRP_775	M	0.4	0.6	NA	5	0.4
DGRP_776	F	0.07142857142857142	0.7714285714285715	0.15714285714285714	70	0.22857142857142856
DGRP_776	M	0.1125	0.7125	0.175	80	0.2875
DGRP_776	NA	0.057692307692307696	0.6923076923076923	0.25	52	0.3076923076923077
DGRP_777	F	0.25	0.5	0.25	4	0.5
DGRP_777	M	0.25	0.5	0.25	4	0.5
DGRP_779	F	NA	0.75	0.25	4	0.25
DGRP_779	M	NA	0.75	0.25	4	0.25
DGRP_783	F	0.057971014492753624	0.782608695652174	0.15942028985507245	69	0.21739130434782608
DGRP_783	M	0.013157894736842105	0.8552631578947368	0.13157894736842105	76	0.14473684210526316
DGRP_783	NA	0.0851063829787234	0.7446808510638298	0.1702127659574468	47	0.2553191489361702
DGRP_784	F	NA	0.6666666666666666	0.3333333333333333	3	0.3333333333333333
DGRP_784	M	NA	0.6666666666666666	0.3333333333333333	3	0.3333333333333333
DGRP_786	F	0.06666666666666667	0.68	0.25333333333333335	75	0.32
DGRP_786	M	0.24096385542168675	0.6385542168674698	0.12048192771084337	83	0.3614457831325301
DGRP_786	NA	0.15555555555555556	0.6	0.24444444444444444	45	0.4
DGRP_787	F	0.15942028985507245	0.6666666666666666	0.17391304347826086	69	0.3333333333333333
DGRP_787	M	0.12658227848101267	0.810126582278481	0.06329113924050633	79	0.189873417721519
DGRP_787	NA	0.17307692307692307	0.7115384615384616	0.11538461538461539	52	0.28846153846153844
DGRP_788	F	NA	0.8	0.2	5	0.2
DGRP_788	M	NA	0.6	0.4	5	0.4
DGRP_790	F	0.19444444444444445	0.6805555555555556	0.125	72	0.3194444444444444
DGRP_790	M	0.189873417721519	0.5949367088607594	0.21518987341772153	79	0.40506329113924056
DGRP_790	NA	0.0425531914893617	0.9148936170212766	0.0425531914893617	47	0.0851063829787234
DGRP_791	F	NA	1	NA	5	0
DGRP_791	M	NA	1	NA	5	0
DGRP_795	F	0.25	0.75	NA	4	0.25
DGRP_795	M	0.25	0.75	NA	4	0.25
DGRP_796	F	0.2112676056338028	0.704225352112676	0.08450704225352113	71	0.29577464788732394
DGRP_796	M	0.1	0.7125	0.1875	80	0.2875
DGRP_796	NA	0.019230769230769232	0.7307692307692307	0.25	52	0.2692307692307692
DGRP_797	F	NA	1	NA	5	0
DGRP_797	M	0.2	0.6	0.2	5	0.4
DGRP_799	F	0.18461538461538463	0.7076923076923077	0.1076923076923077	65	0.2923076923076923
DGRP_799	M	0.10126582278481013	0.6582278481012658	0.24050632911392406	79	0.34177215189873417
DGRP_799	NA	0.21428571428571427	0.7142857142857143	0.07142857142857142	56	0.2857142857142857
DGRP_801	F	0.2054794520547945	0.6712328767123288	0.1232876712328767	73	0.3287671232876712
DGRP_801	M	0.1	0.8375	0.0625	80	0.1625
DGRP_801	NA	0.38461538461538464	0.4423076923076923	0.17307692307692307	52	0.5576923076923077
DGRP_802	F	0.1111111111111111	0.75	0.1388888888888889	72	0.25
DGRP_802	M	0.16455696202531644	0.6835443037974683	0.1518987341772152	79	0.31645569620253167
DGRP_802	NA	0.14583333333333334	0.3541666666666667	0.5	48	0.6458333333333334
DGRP_803	F	0.5	0.25	0.25	4	0.75
DGRP_803	M	0.25	0.5	0.25	4	0.5
DGRP_804	F	0.2028985507246377	0.6231884057971014	0.17391304347826086	69	0.37681159420289856
DGRP_804	M	0.14473684210526316	0.7236842105263158	0.13157894736842105	76	0.2763157894736842
DGRP_804	NA	0.17307692307692307	0.5961538461538461	0.23076923076923078	52	0.40384615384615385
DGRP_805	F	0.18571428571428572	0.7	0.11428571428571428	70	0.3
DGRP_805	M	0.1	0.7833333333333333	0.11666666666666667	60	0.21666666666666667
DGRP_805	NA	0.038461538461538464	0.8269230769230769	0.1346153846153846	52	0.17307692307692307
DGRP_807	F	NA	0.8	0.2	5	0.2
DGRP_807	M	NA	0.8	0.2	5	0.2
DGRP_808	F	0.18055555555555555	0.6111111111111112	0.20833333333333334	72	0.3888888888888889
DGRP_808	M	0.07407407407407407	0.7407407407407407	0.18518518518518517	81	0.25925925925925924
DGRP_808	NA	0.2692307692307692	0.6538461538461539	0.07692307692307693	52	0.34615384615384615
DGRP_810	F	0.23076923076923078	0.676923076923077	0.09230769230769231	65	0.3230769230769231
DGRP_810	M	0.1232876712328767	0.684931506849315	0.1917808219178082	73	0.3150684931506849
DGRP_810	NA	0.019230769230769232	0.7307692307692307	0.25	52	0.2692307692307692
DGRP_812	F	0.1	0.7571428571428571	0.14285714285714285	70	0.24285714285714285
DGRP_812	M	0.05063291139240506	0.7721518987341772	0.17721518987341772	79	0.22784810126582278
DGRP_812	NA	0.23076923076923078	0.7115384615384616	0.057692307692307696	52	0.2884615384615385
DGRP_813	F	NA	0.4	0.6	5	0.6
DGRP_813	M	NA	0.6	0.4	5	0.4
DGRP_816	F	NA	1	NA	4	0
DGRP_816	M	NA	1	NA	4	0
DGRP_818	F	0.1111111111111111	0.7619047619047619	0.12698412698412698	63	0.23809523809523808
DGRP_818	M	0.0821917808219178	0.8082191780821918	0.1095890410958904	73	0.1917808219178082
DGRP_818	NA	0.25	0.6153846153846154	0.1346153846153846	52	0.3846153846153846
DGRP_819	F	0.17543859649122806	0.7017543859649122	0.12280701754385964	57	0.2982456140350877
DGRP_819	M	0.10526315789473684	0.6578947368421053	0.23684210526315788	38	0.3421052631578947
DGRP_819	NA	0.2857142857142857	0.6666666666666666	0.047619047619047616	21	0.3333333333333333
DGRP_820	F	0.11428571428571428	0.7714285714285715	0.11428571428571428	70	0.22857142857142856
DGRP_820	M	0.1375	0.7375	0.125	80	0.2625
DGRP_820	NA	0.19642857142857142	0.6964285714285714	0.10714285714285714	56	0.30357142857142855
DGRP_821	F	0.1320754716981132	0.4528301886792453	0.41509433962264153	53	0.5471698113207547
DGRP_821	M	0.03225806451612903	0.6129032258064516	0.3548387096774194	31	0.3870967741935484
DGRP_821	NA	0.3333333333333333	0.2857142857142857	0.38095238095238093	21	0.7142857142857142
DGRP_822	F	0.17142857142857143	0.6	0.22857142857142856	70	0.4
DGRP_822	M	0.1728395061728395	0.7037037037037037	0.12345679012345678	81	0.2962962962962963
DGRP_822	NA	0.21153846153846154	0.6346153846153846	0.15384615384615385	52	0.3653846153846154
DGRP_823	F	0.25	0.5	0.25	4	0.5
DGRP_823	M	0.25	0.5	0.25	4	0.5
DGRP_828	F	0.25	0.75	NA	4	0.25
DGRP_828	M	0.25	0.75	NA	4	0.25
DGRP_832	F	0.22950819672131148	0.6065573770491803	0.16393442622950818	61	0.39344262295081966
DGRP_832	M	0.14864864864864866	0.6891891891891891	0.16216216216216217	74	0.31081081081081086
DGRP_832	NA	0.34615384615384615	0.4807692307692308	0.17307692307692307	52	0.5192307692307692
DGRP_833	F	0.4	0.4	0.2	5	0.6000000000000001
DGRP_833	M	0.2	0.6	0.2	5	0.4
DGRP_837	F	0.07462686567164178	0.7611940298507462	0.16417910447761194	67	0.23880597014925373
DGRP_837	M	0.06756756756756757	0.6891891891891891	0.24324324324324326	74	0.31081081081081086
DGRP_837	NA	0.21153846153846154	0.6346153846153846	0.15384615384615385	52	0.3653846153846154
DGRP_838	F	0.2	0.4	0.4	5	0.6000000000000001
DGRP_838	M	0.2	0.6	0.2	5	0.4
DGRP_839	F	0.2	0.8	NA	5	0.2
DGRP_839	M	0.2	0.8	NA	5	0.2
DGRP_841	F	NA	0.8	0.2	5	0.2
DGRP_841	M	NA	0.8	0.2	5	0.2
DGRP_843	F	0.20689655172413793	0.6551724137931034	0.13793103448275862	58	0.3448275862068966
DGRP_843	M	0.2222222222222222	0.4722222222222222	0.3055555555555556	36	0.5277777777777778
DGRP_843	NA	0.42857142857142855	0.38095238095238093	0.19047619047619047	21	0.6190476190476191
DGRP_844	F	NA	1	NA	4	0
DGRP_844	M	NA	1	NA	4	0
DGRP_845	F	0.25	0.75	NA	4	0.25
DGRP_845	M	0.25	0.75	NA	4	0.25
DGRP_846	F	0.2	0.6	0.2	5	0.4
DGRP_846	M	0.2	0.6	0.2	5	0.4
DGRP_847	NA	0.2	0.8	NA	5	0.2
DGRP_848	F	0.2	0.8	NA	5	0.2
DGRP_848	M	NA	1	NA	5	0
DGRP_849	F	0.2	0.6166666666666667	0.18333333333333332	60	0.3833333333333333
DGRP_849	M	0.21951219512195122	0.6097560975609756	0.17073170731707318	41	0.3902439024390244
DGRP_849	NA	0.047619047619047616	0.6666666666666666	0.2857142857142857	21	0.3333333333333333
DGRP_850	F	0.26785714285714285	0.5892857142857143	0.14285714285714285	56	0.4107142857142857
DGRP_850	M	0.16666666666666666	0.75	0.08333333333333333	36	0.25
DGRP_850	NA	0.23809523809523808	0.6190476190476191	0.14285714285714285	21	0.38095238095238093
DGRP_851	F	0.4	0.4	0.2	5	0.6000000000000001
DGRP_851	M	0.2	0.8	NA	5	0.2
DGRP_852	F	0.1388888888888889	0.5416666666666666	0.3194444444444444	72	0.4583333333333333
DGRP_852	M	0.2222222222222222	0.5432098765432098	0.2345679012345679	81	0.4567901234567901
DGRP_852	NA	0.17857142857142858	0.5892857142857143	0.23214285714285715	56	0.4107142857142857
DGRP_853	F	0.09375	0.6875	0.21875	64	0.3125
DGRP_853	M	0.1	0.7285714285714285	0.17142857142857143	70	0.27142857142857146
DGRP_853	NA	0.18421052631578946	0.6842105263157895	0.13157894736842105	38	0.3157894736842105
DGRP_854	F	0.2	0.8	NA	5	0.2
DGRP_854	M	0.4	0.6	NA	5	0.4
DGRP_855	F	0.1643835616438356	0.6712328767123288	0.1643835616438356	73	0.3287671232876712
DGRP_855	M	0.1728395061728395	0.6419753086419753	0.18518518518518517	81	0.35802469135802467
DGRP_855	NA	0.19230769230769232	0.6153846153846154	0.19230769230769232	52	0.38461538461538464
DGRP_856	F	0.25	0.5	0.25	4	0.5
DGRP_856	M	0.75	0.25	NA	4	0.75
DGRP_857	F	0.16901408450704225	0.7183098591549296	0.11267605633802817	71	0.28169014084507044
DGRP_857	M	0.15789473684210525	0.6447368421052632	0.19736842105263158	76	0.35526315789473684
DGRP_857	NA	0.19230769230769232	0.4807692307692308	0.3269230769230769	52	0.5192307692307693
DGRP_858	F	NA	0.5	0.5	4	0.5
DGRP_858	M	NA	0.25	0.75	4	0.75
DGRP_859	F	0.038461538461538464	0.7115384615384616	0.25	52	0.28846153846153844
DGRP_859	M	0.09523809523809523	0.6428571428571429	0.2619047619047619	42	0.35714285714285715
DGRP_859	NA	0.1568627450980392	0.7843137254901961	0.058823529411764705	51	0.21568627450980393
DGRP_860	F	0.5	0.5	NA	4	0.5
DGRP_860	M	NA	0.75	0.25	4	0.25
DGRP_861	F	0.07692307692307693	0.7846153846153846	0.13846153846153847	65	0.2153846153846154
DGRP_861	M	0.22666666666666666	0.5733333333333334	0.2	75	0.42666666666666664
DGRP_861	NA	0.34615384615384615	0.4807692307692308	0.17307692307692307	52	0.5192307692307692
DGRP_863	F	NA	0.75	0.25	4	0.25
DGRP_863	M	0.25	0.75	NA	4	0.25
DGRP_868	F	0.2	0.4	0.4	5	0.6000000000000001
DGRP_868	M	0.4	0.4	0.2	5	0.6000000000000001
DGRP_869	F	NA	0.75	0.25	4	0.25
DGRP_869	M	NA	1	NA	4	0
DGRP_872	F	0.5	0.5	NA	4	0.5
DGRP_872	M	0.5	0.5	NA	4	0.5
DGRP_874	F	0.25	0.75	NA	4	0.25
DGRP_874	M	0.25	0.75	NA	4	0.25
DGRP_877	F	NA	0.75	0.25	4	0.25
DGRP_877	M	NA	1	NA	4	0
DGRP_878	F	0.5	NA	0.5	4	1
DGRP_878	M	NA	0.75	0.25	4	0.25
DGRP_879	F	0.05714285714285714	0.9	0.04285714285714286	70	0.1
DGRP_879	M	0.19480519480519481	0.5974025974025974	0.2077922077922078	77	0.4025974025974026
DGRP_879	NA	0.40384615384615385	0.5192307692307693	0.07692307692307693	52	0.4807692307692308
DGRP_882	F	0.1506849315068493	0.6438356164383562	0.2054794520547945	73	0.3561643835616438
DGRP_882	M	0.12698412698412698	0.6507936507936508	0.2222222222222222	63	0.3492063492063492
DGRP_882	NA	0.057692307692307696	0.8653846153846154	0.07692307692307693	52	0.13461538461538464
DGRP_884	F	0.2537313432835821	0.6567164179104478	0.08955223880597014	67	0.34328358208955223
DGRP_884	M	0.08108108108108109	0.8108108108108109	0.10810810810810811	74	0.1891891891891892
DGRP_884	NA	0.23076923076923078	0.6346153846153846	0.1346153846153846	52	0.3653846153846154
DGRP_885	F	0.5	0.5	NA	4	0.5
DGRP_885	M	0.25	0.75	NA	4	0.25
DGRP_887	F	0.4	0.4727272727272727	0.12727272727272726	55	0.5272727272727273
DGRP_887	M	0.20930232558139536	0.7674418604651163	0.023255813953488372	43	0.23255813953488375
DGRP_887	NA	0.075	0.75	0.175	40	0.25
DGRP_888	F	NA	0.75	0.25	4	0.25
DGRP_888	M	NA	0.75	0.25	4	0.25
DGRP_890	F	0.08450704225352113	0.8591549295774648	0.056338028169014086	71	0.14084507042253522
DGRP_890	M	0.2125	0.725	0.0625	80	0.275
DGRP_890	NA	0.019230769230769232	0.7692307692307693	0.21153846153846154	52	0.23076923076923078
DGRP_891	F	0.25	0.5	0.25	4	0.5
DGRP_891	M	NA	0.5	0.5	4	0.5
DGRP_892	F	0.1917808219178082	0.6438356164383562	0.1643835616438356	73	0.3561643835616438
DGRP_892	M	0.19230769230769232	0.6025641025641025	0.20512820512820512	78	0.39743589743589747
DGRP_892	NA	0.1276595744680851	0.5106382978723404	0.3617021276595745	47	0.4893617021276596
DGRP_894	F	0.125	0.7361111111111112	0.1388888888888889	72	0.2638888888888889
DGRP_894	M	0.18181818181818182	0.5844155844155844	0.23376623376623376	77	0.4155844155844156
DGRP_894	NA	0.28888888888888886	0.6222222222222222	0.08888888888888889	45	0.37777777777777777
DGRP_897	F	0.15384615384615385	0.7076923076923077	0.13846153846153847	65	0.2923076923076923
DGRP_897	M	0.1643835616438356	0.5616438356164384	0.273972602739726	73	0.4383561643835616
DGRP_897	NA	0.057692307692307696	0.6538461538461539	0.28846153846153844	52	0.34615384615384615
DGRP_900	F	0.06666666666666667	0.6833333333333333	0.25	60	0.31666666666666665
DGRP_900	M	0.05	0.85	0.1	40	0.15000000000000002
DGRP_900	NA	0.5714285714285714	0.2857142857142857	0.14285714285714285	21	0.7142857142857142
DGRP_903	F	NA	0.75	0.25	4	0.25
DGRP_903	M	0.25	0.75	NA	4	0.25
DGRP_905	F	NA	1	NA	4	0
DGRP_905	M	0.25	0.75	NA	4	0.25
DGRP_907	F	0.1267605633802817	0.7323943661971831	0.14084507042253522	71	0.2676056338028169
DGRP_907	M	0.19230769230769232	0.717948717948718	0.08974358974358974	78	0.28205128205128205
DGRP_907	NA	0.11538461538461539	0.7115384615384616	0.17307692307692307	52	0.28846153846153844
DGRP_908	F	0.17647058823529413	0.6617647058823529	0.16176470588235295	68	0.3382352941176471
DGRP_908	M	0.17333333333333334	0.5866666666666667	0.24	75	0.41333333333333333
DGRP_908	NA	0.3076923076923077	0.40384615384615385	0.28846153846153844	52	0.5961538461538461
DGRP_911	F	0.30158730158730157	0.6031746031746031	0.09523809523809523	63	0.3968253968253968
DGRP_911	M	0.16455696202531644	0.6708860759493671	0.16455696202531644	79	0.3291139240506329
DGRP_911	NA	0.1276595744680851	0.7446808510638298	0.1276595744680851	47	0.2553191489361702
DGRP_912	F	NA	0.75	0.25	4	0.25
DGRP_912	M	NA	0.5	0.5	4	0.5
DGRP_913	F	0.09523809523809523	0.49206349206349204	0.4126984126984127	63	0.5079365079365079
DGRP_913	M	0.0975609756097561	0.5365853658536586	0.36585365853658536	41	0.46341463414634143
DGRP_913	NA	0.14285714285714285	0.5238095238095238	0.3333333333333333	21	0.47619047619047616
DGRP_917	NA	0.6	0.2	0.2	5	0.8
