FID	IID	wolba	In_2L_t	In_2R_NS	In_3R_P	In_3R_K	In_3R_Mo	foe
line_21	line_21	y	0	0	0	0	0	0.32098765432098764
line_26	line_26	n	2	0	0	0	0	0.4050632911392405
line_28	line_28	n	0	2	0	0	0	0.2375
line_31	line_31	n	0	0	0	1	0	NA
line_32	line_32	n	2	0	0	0	2	NA
line_38	line_38	n	0	0	0	1	0	0.27848101265822783
line_40	line_40	y	0	0	0	0	0	NA
line_41	line_41	n	0	0	0	0	0	NA
line_42	line_42	n	0	0	0	0	0	0.5128205128205128
line_45	line_45	n	0	0	0	0	0	0.33766233766233766
line_48	line_48	y	0	0	0	1	0	NA
line_49	line_49	y	0	0	0	0	0	0.21794871794871795
line_57	line_57	n	0	0	0	0	0	0.30666666666666664
line_59	line_59	n	0	0	0	0	0	0.20987654320987653
line_69	line_69	y	0	2	0	0	0	0.2727272727272727
line_73	line_73	y	0	0	0	0	0	0.2948717948717949
line_75	line_75	y	0	0	0	0	0	0.20253164556962025
line_83	line_83	n	0	0	0	0	0	0.2875
line_85	line_85	n	1	0	0	0	0	0.2345679012345679
line_88	line_88	n	1	0	0	0	0	0.3835616438356164
line_91	line_91	n	0	0	0	0	0	0.23750000000000002
line_93	line_93	n	2	0	0	0	0	0.3064516129032258
line_100	line_100	y	1	0	0	2	0	NA
line_101	line_101	n	1	0	0	0	0	0.40506329113924056
line_105	line_105	n	0	0	0	2	0	0.3269230769230769
line_109	line_109	n	1	0	0	0	0	0.2972972972972973
line_129	line_129	n	0	0	0	0	0	0.3870967741935484
line_136	line_136	y	0	0	0	1	0	0.35802469135802467
line_138	line_138	n	0	0	2	0	0	0.35443037974683544
line_142	line_142	y	0	0	0	0	0	0.30666666666666664
line_149	line_149	y	0	0	0	0	0	0.2608695652173913
line_153	line_153	y	0	0	0	0	0	0.4
line_158	line_158	n	0	0	0	0	0	0.24675324675324675
line_161	line_161	n	2	0	0	0	0	0.3648648648648649
line_176	line_176	y	0	0	0	0	0	0.3026315789473684
line_177	line_177	n	0	0	0	0	0	0.36000000000000004
line_181	line_181	y	0	0	0	0	0	0.3150684931506849
line_189	line_189	y	0	0	2	0	0	NA
line_195	line_195	n	0	0	0	0	0	0.28
line_208	line_208	n	0	0	0	0	0	0.33720930232558144
line_217	line_217	n	0	0	0	0	0	0.35
line_223	line_223	y	0	0	0	0	0	NA
line_227	line_227	y	0	0	0	0	0	NA
line_228	line_228	n	0	0	0	0	0	0.34210526315789475
line_229	line_229	n	0	0	0	0	0	0.35443037974683544
line_233	line_233	n	2	0	0	0	0	0.36619718309859156
line_235	line_235	n	0	0	0	0	0	0.3561643835616438
line_237	line_237	y	1	1	0	0	0	0.25333333333333335
line_239	line_239	n	0	0	0	0	0	0.2222222222222222
line_256	line_256	y	0	0	0	0	0	0.3142857142857143
line_280	line_280	y	0	0	0	0	0	0.1643835616438356
line_287	line_287	y	0	0	0	0	0	0.3783783783783784
line_301	line_301	n	1	0	0	0	0	0.3559322033898305
line_303	line_303	n	1	1	0	0	0	0.2222222222222222
line_304	line_304	y	0	2	0	0	0	0.3928571428571429
line_306	line_306	y	0	0	0	0	0	0.4074074074074074
line_307	line_307	n	0	0	0	0	0	0.38095238095238093
line_309	line_309	n	0	0	0	1	0	0.22368421052631576
line_310	line_310	y	0	0	0	0	0	0.2191780821917808
line_313	line_313	n	2	0	0	0	0	0.35714285714285715
line_315	line_315	n	0	0	0	0	0	0.3253012048192771
line_317	line_317	y	0	0	0	0	1	NA
line_318	line_318	y	0	0	0	0	0	0.3125
line_319	line_319	y	0	0	0	0	0	NA
line_320	line_320	y	0	0	0	0	0	NA
line_321	line_321	y	0	0	0	0	0	NA
line_324	line_324	n	0	0	0	0	2	0.3012048192771084
line_325	line_325	n	0	0	0	0	0	0.3661971830985915
line_332	line_332	n	0	0	0	0	0	0.24675324675324675
line_335	line_335	y	0	0	0	0	1	0.5272727272727273
line_336	line_336	y	1	1	0	0	0	0.23943661971830987
line_338	line_338	y	1	1	0	0	0	0.2692307692307692
line_340	line_340	y	0	0	0	0	0	NA
line_348	line_348	n	2	0	0	0	2	NA
line_350	line_350	n	2	0	0	0	2	0.4177215189873418
line_352	line_352	y	1	0	0	0	2	0.5733333333333334
line_354	line_354	n	0	0	0	0	0	NA
line_355	line_355	y	0	0	0	0	0	NA
line_356	line_356	y	0	0	0	0	0	0.30666666666666664
line_357	line_357	n	0	0	0	0	0	0.3764705882352941
line_358	line_358	n	2	0	0	0	2	0.4642857142857143
line_359	line_359	n	2	0	0	0	0	0.2597402597402597
line_360	line_360	y	0	0	0	0	0	0.30952380952380953
line_361	line_361	y	0	0	1	0	0	NA
line_362	line_362	y	0	0	0	0	0	0.34523809523809523
line_365	line_365	y	0	0	0	0	0	0.3488372093023256
line_367	line_367	n	0	0	0	0	0	0.3287671232876712
line_370	line_370	y	0	0	0	0	0	0.2962962962962963
line_371	line_371	n	0	0	0	0	0	NA
line_373	line_373	n	0	0	1	0	0	0.2911392405063291
line_374	line_374	y	0	0	0	0	2	0.31081081081081086
line_375	line_375	n	0	0	0	0	0	0.3333333333333333
line_377	line_377	n	1	1	0	0	0	0.3066666666666667
line_379	line_379	n	0	0	0	0	0	0.43023255813953487
line_380	line_380	y	0	0	0	0	0	0.4166666666666667
line_381	line_381	n	1	0	0	0	0	0.2602739726027397
line_382	line_382	y	0	0	0	0	0	NA
line_383	line_383	y	2	0	0	0	0	0.1875
line_385	line_385	n	0	0	0	0	0	NA
line_386	line_386	n	2	0	0	0	0	0.3389830508474576
line_390	line_390	n	2	0	0	0	1	NA
line_391	line_391	n	0	0	0	0	0	0.2857142857142857
line_392	line_392	n	0	0	0	0	0	0.41333333333333333
line_395	line_395	n	0	0	0	0	0	NA
line_397	line_397	y	0	0	1	0	0	NA
line_399	line_399	n	0	0	0	0	0	0.38823529411764707
line_405	line_405	y	1	0	0	0	0	NA
line_406	line_406	n	2	0	0	0	0	NA
line_409	line_409	y	0	2	0	0	2	NA
line_426	line_426	n	1	1	0	0	0	0.29577464788732394
line_427	line_427	n	0	0	0	0	0	0.25609756097560976
line_437	line_437	n	0	0	0	0	2	0.3023255813953488
line_439	line_439	n	0	0	0	0	0	NA
line_440	line_440	y	0	0	0	1	0	0.2345679012345679
line_441	line_441	y	0	0	0	0	0	0.2638888888888889
line_443	line_443	n	1	0	0	0	0	0.35802469135802467
line_461	line_461	y	0	0	0	0	0	0.3835616438356164
line_486	line_486	y	0	0	0	0	0	0.38271604938271603
line_491	line_491	n	0	0	0	0	0	0.3561643835616438
line_492	line_492	n	1	0	0	0	1	0.381578947368421
line_502	line_502	n	1	0	0	0	0	0.28378378378378377
line_505	line_505	y	0	0	0	0	0	NA
line_508	line_508	n	0	0	0	0	0	0.3918918918918919
line_509	line_509	n	0	0	0	0	0	0.28985507246376807
line_513	line_513	y	0	0	0	0	0	NA
line_517	line_517	n	0	0	0	0	0	0.3448275862068966
line_528	line_528	y	1	1	0	0	0	NA
line_530	line_530	y	0	0	0	0	0	NA
line_531	line_531	y	0	0	0	0	0	NA
line_535	line_535	y	0	0	0	0	0	0.19230769230769232
line_551	line_551	y	0	0	0	0	1	NA
line_555	line_555	y	0	0	0	0	2	0.3294117647058824
line_559	line_559	n	0	0	0	1	1	NA
line_563	line_563	n	1	1	0	0	0	0.3866666666666667
line_566	line_566	n	0	0	0	0	1	NA
line_584	line_584	y	2	0	0	0	0	NA
line_589	line_589	y	0	0	0	0	0	0.2716049382716049
line_595	line_595	y	1	0	0	0	0	0.2567567567567568
line_596	line_596	n	0	0	0	0	0	NA
line_627	line_627	n	2	0	0	0	0	NA
line_630	line_630	n	2	0	1	0	0	NA
line_634	line_634	y	0	0	1	0	0	NA
line_639	line_639	y	0	0	0	0	0	0.2823529411764706
line_642	line_642	n	0	2	0	0	0	0.3698630136986301
line_646	line_646	y	0	0	0	2	0	0.323943661971831
line_703	line_703	n	0	0	0	0	0	0.1794871794871795
line_705	line_705	y	0	0	0	0	0	0.41071428571428575
line_707	line_707	y	0	0	0	0	2	0.2857142857142857
line_712	line_712	y	0	0	0	0	2	0.3048780487804878
line_714	line_714	n	0	0	0	0	2	0.38095238095238093
line_716	line_716	y	0	0	0	0	0	0.3116883116883117
line_721	line_721	y	0	0	0	0	0	0.2784810126582279
line_727	line_727	y	0	0	0	0	0	0.30508474576271183
line_730	line_730	y	0	0	0	0	0	0.32558139534883723
line_732	line_732	n	0	0	0	1	0	0.4
line_737	line_737	y	0	0	0	0	0	0.2839506172839506
line_738	line_738	y	0	0	0	0	1	0.2911392405063291
line_748	line_748	y	2	0	0	0	0	NA
line_757	line_757	n	0	0	0	0	0	NA
line_761	line_761	y	0	0	0	0	0	0.34615384615384615
line_765	line_765	n	0	0	0	0	0	0.5238095238095237
line_774	line_774	n	0	0	0	0	0	0.41860465116279066
line_776	line_776	y	0	0	2	0	0	0.2875
line_783	line_783	y	0	0	0	0	0	0.14473684210526316
line_786	line_786	y	0	0	2	0	0	0.3614457831325301
line_787	line_787	y	0	0	0	0	0	0.189873417721519
line_790	line_790	y	0	0	0	0	0	0.40506329113924056
line_796	line_796	y	0	0	0	0	0	0.2875
line_799	line_799	n	0	0	0	0	0	0.34177215189873417
line_801	line_801	y	0	0	0	0	0	0.1625
line_802	line_802	y	1	0	0	1	0	0.31645569620253167
line_804	line_804	y	0	0	0	0	0	0.2763157894736842
line_805	line_805	y	0	0	0	0	0	0.21666666666666667
line_808	line_808	n	0	0	0	0	0	0.25925925925925924
line_810	line_810	n	0	0	0	0	2	0.3150684931506849
line_812	line_812	n	1	2	0	0	0	0.22784810126582278
line_818	line_818	y	0	0	0	0	0	0.1917808219178082
line_819	line_819	y	0	0	0	0	0	NA
line_820	line_820	y	0	0	0	0	2	0.2625
line_821	line_821	y	0	1	0	0	0	NA
line_822	line_822	y	0	0	0	0	0	0.2962962962962963
line_832	line_832	y	0	0	0	0	0	0.31081081081081086
line_837	line_837	y	2	0	0	0	0	0.31081081081081086
line_843	line_843	n	0	0	0	0	0	NA
line_849	line_849	n	1	0	0	0	0	NA
line_850	line_850	y	0	0	0	0	0	NA
line_852	line_852	y	0	2	0	0	0	0.4567901234567901
line_853	line_853	y	0	0	0	0	0	0.27142857142857146
line_855	line_855	y	0	0	0	0	1	0.35802469135802467
line_857	line_857	n	0	1	0	0	0	0.35526315789473684
line_859	line_859	y	0	0	0	0	0	NA
line_861	line_861	y	0	0	0	0	2	0.42666666666666664
line_879	line_879	y	0	0	0	0	0	0.4025974025974026
line_882	line_882	y	0	0	0	0	0	0.3492063492063492
line_884	line_884	y	0	0	1	0	0	0.1891891891891892
line_887	line_887	y	0	0	0	0	0	NA
line_890	line_890	y	0	0	0	0	0	0.275
line_892	line_892	y	0	0	0	0	0	0.39743589743589747
line_894	line_894	n	1	0	0	0	0	0.4155844155844156
line_897	line_897	y	0	0	0	0	0	0.4383561643835616
line_900	line_900	n	0	0	0	0	0	NA
line_907	line_907	n	0	0	0	0	0	0.28205128205128205
line_908	line_908	n	0	0	0	0	2	0.41333333333333333
line_911	line_911	n	0	0	0	0	0	0.3291139240506329
line_913	line_913	y	0	0	0	1	0	NA
